"Low","low","Med","med","High","high"
"84.042945861816","1","255.04600524902","7","451.04565429688","14"
"84.063575744629","1","256.07287597656","7","464.31030273438","14"
"120.0372467041","1","260.38583374023","7","493.05477905273","14"
"120.09552764893","1","261.10595703125","7","500.27627563477","14"
"129.07220458984","1","261.93301391602","7","522.11547851562","14"
"131.05058288574","1","267.01638793945","7","540.10052490234","14"
"135.05009460449","1","271.05291748047","7","570.07653808594","14"
"136.06950378418","1","271.09332275391","7","601.23822021484","14"
"147.04693603516","1","281.02462768555","7","601.24322509766","14"
"151.04530334473","1","283.08255004883","7","844.36328125","14"
"154.08500671387","1","287.07189941406","7","1165.5018310547","14"
"155.05401611328","1","297.03518676758","7","109.02180480957","15"
"157.10111999512","1","301.11422729492","7","112.05001831055","15"
"159.09199523926","1","303.57571411133","7","124.04396057129","15"
"161.07981872559","1","304.12487792969","7","127.03508758545","15"
"164.04275512695","1","304.1748046875","7","129.07685852051","15"
"164.07682800293","1","311.05639648438","7","137.01371765137","15"
"165.05305480957","1","311.05999755859","7","139.02770996094","15"
"165.13453674316","1","329.04595947266","7","148.06079101562","15"
"173.05595397949","1","329.05337524414","7","154.07992553711","15"
"173.05863952637","1","330.10809326172","7","154.08245849609","15"
"176.95831298828","1","350.15463256836","7","164.04014587402","15"
"177.03996276855","1","371.10333251953","7","164.10302734375","15"
"185.0466003418","1","375.07046508789","7","165.01889038086","15"
"187.07803344727","1","375.15765380859","7","182.07821655273","15"
"195.03454589844","1","378.14321899414","7","183.12313842773","15"
"198.07751464844","1","378.16708374023","7","183.14805603027","15"
"199.05184936523","1","389.21444702148","7","183.1535949707","15"
"199.14709472656","1","391.06506347656","7","186.08883666992","15"
"202.98475646973","1","393.05795288086","7","201.01058959961","15"
"205.04765319824","1","393.09039306641","7","202.99641418457","15"
"208.93852233887","1","393.09851074219","7","203.00807189941","15"
"209.97178649902","1","393.10662841797","7","203.01681518555","15"
"212.08767700195","1","401.94918823242","7","203.05763244629","15"
"212.11151123047","1","402.01480102539","7","220.10154724121","15"
"213.05104064941","1","424.96224975586","7","224.11061096191","15"
"213.06895446777","1","446.05883789062","7","229.06831359863","15"
"213.16452026367","1","447.2001953125","7","233.11100769043","15"
"214.06448364258","1","485.02941894531","7","233.13600158691","15"
"215.1463470459","1","500.27169799805","7","248.99264526367","15"
"217.10417175293","1","512.00280761719","7","249.14761352539","15"
"218.14532470703","1","513.81890869141","7","255.09173583984","15"
"228.14659118652","1","585.19488525391","7","257.04934692383","15"
"229.03735351562","1","716.34918212891","7","260.11190795898","15"
"233.10789489746","1","809.04455566406","7","261.18859863281","15"
"233.13287353516","1","85.026641845703","8","263.14617919922","15"
"234.05522155762","1","117.0637588501","8","268.11395263672","15"
"240.07109069824","1","120.03276062012","8","269.03924560547","15"
"240.0901184082","1","120.09104156494","8","269.04931640625","15"
"241.0546875","1","131.07633972168","8","270.04010009766","15"
"242.08168029785","1","137.01611328125","8","283.05847167969","15"
"247.03065490723","1","139.04217529297","8","285.02020263672","15"
"253.0505065918","1","148.06327819824","8","287.16897583008","15"
"253.11560058594","1","152.04760742188","8","294.05993652344","15"
"254.03424072266","1","157.10369873047","8","299.0305480957","15"
"254.04075622559","1","158.08984375","8","302.0627746582","15"
"257.0198059082","1","159.09457397461","8","303.06622314453","15"
"258.05392456055","1","171.0782623291","8","303.14102172852","15"
"258.14596557617","1","171.15855407715","8","303.57214355469","15"
"267.04647827148","1","175.03146362305","8","306.04006958008","15"
"268.10723876953","1","189.05302429199","8","323.03247070312","15"
"278.10015869141","1","191.1091003418","8","325.12423706055","15"
"279.08694458008","1","196.12168884277","8","330.13412475586","15"
"283.07568359375","1","201.0657043457","8","331.09378051758","15"
"295.05352783203","1","203.98275756836","8","342.16955566406","15"
"299.09774780273","1","203.98860168457","8","351.10464477539","15"
"299.11898803711","1","211.04028320312","8","354.1201171875","15"
"300.06439208984","1","226.07487487793","8","357.20651245117","15"
"303.07336425781","1","228.05081176758","8","383.00399780273","15"
"304.1676940918","1","229.0249786377","8","383.0400390625","15"
"310.03979492188","1","229.04664611816","8","391.06100463867","15"
"311.06723022461","1","230.07568359375","8","393.08633422852","15"
"315.12857055664","1","233.13912963867","8","401.95327758789","15"
"315.16488647461","1","237.04731750488","8","404.0559387207","15"
"319.01528930664","1","245.06042480469","8","422.04061889648","15"
"322.07354736328","1","245.13409423828","8","429.13900756836","15"
"330.13784790039","1","247.04351806641","8","432.15310668945","15"
"331.03051757812","1","253.04400634766","8","445.06567382812","15"
"331.06399536133","1","253.05702209473","8","463.1076965332","15"
"335.11114501953","1","253.18394470215","8","498.22393798828","15"
"335.95053100586","1","254.14511108398","8","498.25134277344","15"
"339.03594970703","1","255.16035461426","8","507.06643676758","15"
"342.9912109375","1","259.13952636719","8","551.01373291016","15"
"343.04043579102","1","263.14947509766","8","551.10498046875","15"
"346.83981323242","1","270.09390258789","8","587.07196044922","15"
"361.07165527344","1","278.09332275391","8","588.98675537109","15"
"365.06704711914","1","279.08010864258","8","613.05847167969","15"
"366.90643310547","1","281.0451965332","8","84.041069030762","16"
"372.09313964844","1","283.0378112793","8","86.093864440918","16"
"376.06951904297","1","285.13418579102","8","109.10512542725","16"
"387.03408813477","1","285.56268310547","8","109.10726165771","16"
"389.1135559082","1","285.8600769043","8","135.04058837891","16"
"390.08666992188","1","293.09951782227","8","156.13851928711","16"
"391.06909179688","1","294.06344604492","8","163.0251159668","16"
"399.06701660156","1","295.06759643555","8","164.07420349121","16"
"404.03125","1","300.05731201172","8","185.04937744141","16"
"408.03384399414","1","303.06979370117","8","191.06384277344","16"
"413.11990356445","1","304.11773681641","8","192.04064941406","16"
"416.16912841797","1","306.04364013672","8","199.13844299316","16"
"422.04483032227","1","310.72814941406","8","199.14421081543","16"
"423.1213684082","1","313.09460449219","8","211.15322875977","16"
"428.06750488281","1","318.91665649414","8","220.76669311523","16"
"429.12203979492","1","323.05819702148","8","229.02807617188","16"
"430.17364501953","1","336.94863891602","8","240.1344909668","16"
"437.25854492188","1","350.03598022461","8","245.03800964355","16"
"439.15991210938","1","350.18142700195","8","253.04725646973","16"
"447.20883178711","1","352.95849609375","8","258.1623840332","16"
"456.32669067383","1","355.07934570312","8","270.05355834961","16"
"479.07824707031","1","366.89859008789","8","285.02365112305","16"
"480.14898681641","1","369.1276550293","8","292.05676269531","16"
"540.09576416016","1","373.10797119141","8","297.03164672852","16"
"557.25469970703","1","375.0387878418","8","299.09423828125","16"
"761.25537109375","1","389.10546875","8","302.08767700195","16"
"824.42016601562","1","398.10723876953","8","304.17126464844","16"
"70.059959411621","2","405.07635498047","8","309.20825195312","16"
"103.04829406738","2","408.04208374023","8","309.21185302734","16"
"117.02613067627","2","413.11157226562","8","313.09097290039","16"
"121.03444671631","2","418.06176757812","8","314.14883422852","16"
"132.09243774414","2","423.11294555664","8","315.16125488281","16"
"136.06712341309","2","426.15231323242","8","320.02822875977","16"
"137.0233001709","2","445.06134033203","8","340.04995727539","16"
"137.03048706055","2","448.08746337891","8","358.16989135742","16"
"144.8917388916","2","497.07391357422","8","379.07864379883","16"
"150.91963195801","2","503.06210327148","8","389.09335327148","16"
"165.02415466309","2","522.11077880859","8","392.1540222168","16"
"173.09094238281","2","570.07165527344","8","393.01333618164","16"
"181.06932067871","2","696.16918945312","8","405.08459472656","16"
"182.08097839355","2","127.03277587891","9","408.03796386719","16"
"183.11207580566","2","129.07452392578","9","413.20306396484","16"
"187.03326416016","2","131.04354858398","9","426.15655517578","16"
"187.08642578125","2","133.03456115723","9","428.06326293945","16"
"191.05819702148","2","136.06234741211","9","434.09024047852","16"
"200.06329345703","2","143.11932373047","9","439.15133666992","16"
"201.10922241211","2","151.02268981934","9","455.15191650391","16"
"203.01390075684","2","156.12573242188","9","455.16064453125","16"
"203.05471801758","2","157.06010437012","9","563.98742675781","16"
"206.04777526855","2","163.02774047852","9","587.07690429688","16"
"214.16625976562","2","164.10565185547","9","657.29296875","16"
"218.95278930664","2","165.13191223145","9","657.29815673828","16"
"219.0799407959","2","169.05609130859","9","824.41430664062","16"
"220.13189697266","2","169.08801269531","9","121.02994537354","17"
"226.08103942871","2","173.04788208008","9","123.03440856934","17"
"227.13729858398","2","173.06132507324","9","135.03108215332","17"
"231.07279968262","2","176.96104431152","9","144.89419555664","17"
"233.03918457031","2","202.98184204102","9","156.13595581055","17"
"233.04542541504","2","203.0051574707","9","158.09242248535","17"
"237.01268005371","2","205.01249694824","9","165.02151489258","17"
"237.01898193359","2","205.05351257324","9","167.07237243652","17"
"245.02200317383","2","209.0242767334","9","168.0733795166","17"
"248.06384277344","2","216.07151794434","9","169.09066772461","17"
"249.14114379883","2","218.13928222656","9","201.0366973877","17"
"253.10908508301","2","218.94674682617","9","201.0511932373","17"
"256.03359985352","2","229.08380126953","9","206.04190063477","17"
"258.1328125","2","240.06793212891","9","216.08354187012","17"
"258.16567993164","2","247.03387451172","9","219.15565490723","17"
"259.14611816406","2","248.06706237793","9","225.19911193848","17"
"259.15930175781","2","248.07028198242","9","229.05284118652","17"
"262.1184387207","2","249.13146972656","9","230.07878112793","17"
"267.13003540039","2","256.04013061523","9","238.12255859375","17"
"269.04595947266","2","262.11514282227","9","243.14912414551","17"
"270.03338623047","2","264.05953979492","9","255.04927062988","17"
"270.0569152832","2","267.06652832031","9","255.09501647949","17"
"270.80709838867","2","270.04681396484","9","287.0615234375","17"
"271.1169128418","2","270.81384277344","9","287.06497192383","17"
"277.03338623047","2","281.05548095703","9","304.65310668945","17"
"281.03146362305","2","282.07153320312","9","310.04339599609","17"
"283.03094482422","2","295.060546875","9","311.99517822266","17"
"293.04699707031","2","299.07653808594","9","312.12164306641","17"
"294.0458984375","2","302.18368530273","9","316.04803466797","17"
"294.05642700195","2","302.1872253418","9","318.17547607422","17"
"296.11569213867","2","304.66024780273","9","324.04437255859","17"
"296.12274169922","2","309.05001831055","9","334.46734619141","17"
"299.0517578125","2","309.16149902344","9","340.01977539062","17"
"300.17425537109","2","322.06985473633","9","345.07052612305","17"
"302.19079589844","2","328.07073974609","9","423.25183105469","17"
"304.07135009766","2","340.05374145508","9","427.08612060547","17"
"305.0602722168","2","342.17333984375","9","433.13177490234","17"
"305.08172607422","2","343.03286743164","9","485.17361450195","17"
"306.07229614258","2","346.83599853516","9","575.11364746094","17"
"308.076171875","2","351.00497436523","9","761.24969482422","17"
"309.20468139648","2","351.05096435547","9","72.088081359863","18"
"316.04437255859","2","357.07119750977","9","120.05966186523","18"
"323.06555175781","2","357.07507324219","9","121.08396148682","18"
"329.10162353516","2","376.06158447266","9","124.04623413086","18"
"334.45986938477","2","379.07464599609","9","128.0632019043","18"
"336.07803344727","2","390.07858276367","9","131.0458984375","18"
"337.06881713867","2","392.04870605469","9","134.04162597656","18"
"338.06106567383","2","392.05276489258","9","135.0477142334","18"
"338.09869384766","2","392.1418762207","9","144.07781982422","18"
"341.97659301758","2","399.05883789062","9","149.02317810059","18"
"345.078125","2","399.08334350586","9","151.04280090332","18"
"351.05862426758","2","403.09838867188","9","159.09715270996","18"
"351.10079956055","2","404.03536987305","9","162.02627563477","18"
"355.26052856445","2","404.04769897461","9","165.12928771973","18"
"359.99182128906","2","411.06842041016","9","176.96376037598","18"
"361.06390380859","2","417.06686401367","9","200.06619262695","18"
"362.04022216797","2","423.12557983398","9","203.98568725586","18"
"364.05151367188","2","424.20352172852","9","208.94442749023","18"
"364.0944519043","2","424.9538269043","9","226.12716674805","18"
"368.15356445312","2","439.15560913086","9","227.07255554199","18"
"377.08181762695","2","446.97094726562","9","228.12495422363","18"
"383.03604125977","2","447.07043457031","9","230.04774475098","18"
"389.09741210938","2","472.99472045898","9","231.09768676758","18"
"392.05682373047","2","490.17456054688","9","253.11233520508","18"
"402.18710327148","2","490.18362426758","9","253.18721008301","18"
"403.09014892578","2","491.07626342773","9","254.03749084473","18"
"405.02285766602","2","555.01623535156","9","255.16363525391","18"
"407.12112426758","2","585.13055419922","9","256.0696105957","18"
"413.20721435547","2","586.14544677734","9","259.07037353516","18"
"417.07104492188","2","586.2197265625","9","277.02996826172","18"
"423.13400268555","2","1165.4947509766","9","282.06811523438","18"
"435.00708007812","2","84.05982208252","10","290.08135986328","18"
"438.16589355469","2","103.05037689209","10","295.05703735352","18"
"442.10140991211","2","103.0524520874","10","300.17071533203","18"
"447.05313110352","2","139.04458618164","10","304.12130737305","18"
"457.18798828125","2","140.06199645996","10","324.09222412109","18"
"475.19509887695","2","150.91459655762","10","337.15896606445","18"
"544.11578369141","2","153.07093811035","10","357.05575561523","18"
"551.00897216797","2","161.03048706055","10","362.07525634766","18"
"551.09539794922","2","163.04602050781","10","377.08978271484","18"
"551.10980224609","2","164.96109008789","10","407.09634399414","18"
"579.27642822266","2","171.14784240723","10","416.16076660156","18"
"581.06018066406","2","173.09362792969","10","419.07461547852","18"
"585.20477294922","2","174.13677978516","10","434.06039428711","18"
"586.22961425781","2","177.0426940918","10","447.05743408203","18"
"601.23321533203","2","179.0708770752","10","453.29025268555","18"
"613.06860351562","2","182.07545471191","10","456.02084350586","18"
"696.15844726562","2","187.02766418457","10","475.11038208008","18"
"716.36016845703","2","191.10626220703","10","485.02493286133","18"
"761.24407958984","2","198.07174682617","10","493.04571533203","18"
"84.039192199707","3","205.03007507324","10","85.028526306152","19"
"85.030410766602","3","207.05326843262","10","123.03668212891","19"
"103.06698608398","3","212.09065246582","10","129.09312438965","19"
"109.10939788818","3","212.09362792969","10","165.08459472656","19"
"120.06190490723","3","212.11448669434","10","173.05325317383","19"
"121.08171081543","3","212.1174621582","10","185.15515136719","19"
"126.97975158691","3","220.12886047363","10","199.06916809082","19"
"129.09080505371","3","225.14692687988","10","199.18751525879","19"
"129.10707092285","3","227.14346313477","10","201.11212158203","19"
"136.0862121582","3","227.16505432129","10","209.02723693848","19"
"144.07536315918","3","229.04354858398","10","211.10568237305","19"
"155.07948303223","3","240.08694458008","10","211.10864257812","19"
"159.04039001465","3","245.03161621094","10","214.16925048828","19"
"165.06356811523","3","245.03480529785","10","249.76150512695","19"
"165.08985900879","3","247.0403137207","10","253.18069458008","19"
"171.08361816406","3","254.1614074707","10","271.05966186523","19"
"171.16389465332","3","258.05065917969","10","294.13360595703","19"
"177.10530090332","3","259.06051635742","10","299.11544799805","19"
"181.09410095215","3","259.15270996094","10","326.10244750977","19"
"183.12037658691","3","267.0498046875","10","337.67001342773","19"
"183.12591552734","3","267.13674926758","10","338.10244750977","19"
"191.10343933105","3","268.11059570312","10","366.09576416016","19"
"197.0682220459","3","270.03674316406","10","373.10006713867","19"
"197.11418151855","3","270.81048583984","10","377.09771728516","19"
"200.06907653809","3","271.12365722656","10","389.21038818359","19"
"201.00769042969","3","285.12036132812","10","407.12524414062","19"
"201.01348876953","3","286.12991333008","10","429.13052368164","19"
"202.08224487305","3","297.05633544922","10","433.0764465332","19"
"205.09452819824","3","299.03408813477","10","457.18362426758","19"
"213.08985900879","3","299.04116821289","10","503.0666809082","19"
"215.08934020996","3","304.06777954102","10","551.11462402344","19"
"219.15867614746","3","305.07458496094","10","586.14050292969","19"
"228.04463195801","3","308.06900024414","10","106.0456161499","20"
"229.0404510498","3","309.04641723633","10","131.05291748047","20"
"229.07760620117","3","329.07192993164","10","152.04508972168","20"
"230.0446472168","3","330.10437011719","10","161.08241271973","20"
"231.09457397461","3","331.09005737305","10","165.05567932129","20"
"238.12571716309","3","335.95428466797","10","165.08721923828","20"
"240.13766479492","3","336.08551025391","10","168.0760345459","20"
"242.03712463379","3","340.02355957031","10","183.0650177002","20"
"245.06683349609","3","350.08575439453","10","183.13975524902","20"
"253.17744445801","3","351.05480957031","10","187.08361816406","20"
"255.0394744873","3","351.10845947266","10","205.09745788574","20"
"257.00997924805","3","357.06735229492","10","207.11215209961","20"
"258.06051635742","3","362.07138061523","10","209.97772216797","20"
"259.07366943359","3","372.08920288086","10","241.0419921875","20"
"260.39242553711","3","375.05462646484","10","249.13468933105","20"
"263.16275024414","3","378.13925170898","10","258.05722045898","20"
"264.06619262695","3","378.16311645508","10","259.03744506836","20"
"270.12414550781","3","393.00521850586","10","270.04345703125","20"
"283.04470825195","3","397.08337402344","10","270.09725952148","20"
"285.12728881836","3","399.05065917969","10","285.02713012695","20"
"285.55578613281","3","403.09426879883","10","287.04763793945","20"
"285.85314941406","3","406.06924438477","10","287.0788269043","20"
"294.13009643555","3","407.22018432617","10","339.03973388672","20"
"298.15386962891","3","409.15859985352","10","341.98037719727","20"
"311.03112792969","3","409.21237182617","10","341.98794555664","20"
"315.15762329102","3","416.16494750977","10","342.13928222656","20"
"323.0361328125","3","417.06268310547","10","342.14685058594","20"
"324.04803466797","3","419.07040405273","10","355.2643737793","20"
"326.98226928711","3","429.12628173828","10","357.07894897461","20"
"330.10067749023","3","431.16705322266","10","359.09967041016","20"
"331.09750366211","3","431.97027587891","10","363.14263916016","20"
"337.15521240234","3","435.07110595703","10","364.0983581543","20"
"337.66625976562","3","497.06936645508","10","391.00842285156","20"
"338.05355834961","3","517.20959472656","10","401.05966186523","20"
"339.04348754883","3","540.10528564453","10","405.04754638672","20"
"341.98416137695","3","544.12054443359","10","456.3310546875","20"
"349.06832885742","3","544.12530517578","10","551.10015869141","20"
"352.96618652344","3","553.25378417969","10","570.04724121094","20"
"355.07162475586","3","586.22467041016","10","581.05523681641","20"
"359.10354614258","3","616.3349609375","10","123.03894805908","21"
"366.09967041016","3","70.061668395996","11","174.13948059082","21"
"369.13552856445","3","120.09328460693","11","177.10801696777","21"
"375.04672241211","3","123.05256652832","11","183.15637207031","21"
"376.01397705078","3","124.05079650879","11","193.04551696777","21"
"378.13525390625","3","135.03582763672","11","197.06535339355","21"
"378.15911865234","3","136.06474304199","11","198.0746307373","21"
"390.09878540039","3","137.02090454102","11","201.07150268555","21"
"391.00436401367","3","137.02809143066","11","203.02555847168","21"
"393.06607055664","3","150.91711425781","11","203.02847290039","21"
"393.12689208984","3","153.06840515137","11","215.03833007812","21"
"399.0751953125","3","153.07347106934","11","215.08633422852","21"
"401.06787109375","3","154.06468200684","11","222.15490722656","21"
"404.19985961914","3","154.06723022461","11","222.15795898438","21"
"407.09222412109","3","155.08457946777","11","225.19604492188","21"
"418.04504394531","3","155.08967590332","11","227.08796691895","21"
"419.08297729492","3","157.10626220703","11","233.11413574219","21"
"429.20257568359","3","161.03308105469","11","257.02310180664","21"
"433.12753295898","3","169.13854980469","11","258.13610839844","21"
"448.0788269043","3","170.02833557129","11","259.06707763672","21"
"453.28588867188","3","171.08094787598","11","281.04174804688","21"
"472.98580932617","3","171.16122436523","11","331.03424072266","21"
"497.06478881836","3","173.06402587891","11","363.06076049805","21"
"570.05212402344","3","173.09631347656","11","376.01794433594","21"
"824.40838623047","3","175.03688049316","11","376.02191162109","21"
"844.15521240234","3","179.07360839844","11","429.134765625","21"
"844.35729980469","3","181.06106567383","11","433.04663085938","21"
"72.08634185791","4","183.10929870605","11","490.17907714844","21"
"117.04162597656","4","185.1607208252","11","143.12176513672","22"
"120.08879852295","4","187.03045654297","11","155.07438659668","22"
"123.0548324585","4","193.03982543945","11","165.01626586914","22"
"134.04399108887","4","195.03739929199","11","187.08082580566","22"
"139.04699707031","4","206.03897094727","11","217.1011505127","22"
"140.0595703125","4","207.07093811035","11","234.05834960938","22"
"149.02568054199","4","213.05403137207","11","237.01582336426","22"
"153.07600402832","4","216.07452392578","11","241.03881835938","22"
"156.12062072754","4","217.00471496582","11","241.04516601562","22"
"156.13340759277","4","225.14385986328","11","243.02792358398","22"
"157.05497741699","4","225.19296264648","11","243.12998962402","22"
"160.98635864258","4","227.08488464355","11","245.04121398926","22"
"163.03034973145","4","227.14038085938","11","255.0329284668","22"
"169.10928344727","4","228.04772949219","11","283.06533813477","22"
"169.14122009277","4","228.11877441406","11","287.03726196289","22"
"171.14248657227","4","229.0094909668","11","287.08578491211","22"
"184.96868896484","4","229.08070373535","11","338.05731201172","22"
"185.17184448242","4","242.04666137695","11","355.12173461914","22"
"197.14576721191","4","242.18035888672","11","371.09939575195","22"
"200.14721679688","4","245.02841186523","11","377.09375","22"
"202.99349975586","4","245.06362915039","11","390.09475708008","22"
"207.06799316406","4","247.07568359375","11","424.95803833008","22"
"209.03019714355","4","255.17343139648","11","429.20681762695","22"
"211.10270690918","4","257.05261230469","11","476.09188842773","22"
"213.15855407715","4","258.07037353516","11","160.98895263672","23"
"216.08053588867","4","258.1393737793","11","181.06657409668","23"
"220.76974487305","4","258.14266967773","11","197.14865112305","23"
"227.1619720459","4","259.14282226562","11","205.00956726074","23"
"229.00639343262","4","260.38912963867","11","215.10733032227","23"
"241.01022338867","4","262.11181640625","11","215.14334106445","23"
"242.06576538086","4","265.05108642578","11","220.10458374023","23"
"242.18354797363","4","265.05444335938","11","231.10079956055","23"
"243.0311126709","4","265.11770629883","11","233.04231262207","23"
"245.12768554688","4","265.13436889648","11","241.03245544434","23"
"247.07246398926","4","267.13339233398","11","242.04029846191","23"
"250.08813476562","4","270.12750244141","11","243.02473449707","23"
"250.09460449219","4","271.12026977539","11","315.12493896484","23"
"259.03414916992","4","279.08352661133","11","361.06777954102","23"
"259.0407409668","4","281.0280456543","11","364.05541992188","23"
"260.10861206055","4","283.02404785156","11","390.09069824219","23"
"260.11520385742","4","283.02749633789","11","397.07931518555","23"
"261.19189453125","4","287.07537841797","11","423.25604248047","23"
"263.1428527832","4","289.12750244141","11","429.21105957031","23"
"268.07708740234","4","305.07815551758","11","433.07217407227","23"
"276.05023193359","4","306.06512451172","11","434.99856567383","23"
"286.13336181641","4","306.06869506836","11","585.14044189453","23"
"287.03378295898","4","309.02484130859","11","103.06491088867","24"
"287.16549682617","4","309.16510009766","11","135.04296875","24"
"289.1240234375","4","317.03799438477","11","155.08712768555","24"
"292.05328369141","4","319.45025634766","11","164.03489685059","24"
"299.05883789062","4","323.06188964844","11","165.06094360352","24"
"299.09069824219","4","328.06701660156","11","213.09284973145","24"
"300.16717529297","4","329.01998901367","11","227.07563781738","24"
"302.05923461914","4","329.06820678711","11","255.03620910645","24"
"302.06634521484","4","329.09417724609","11","268.07376098633","24"
"306.03649902344","4","335.11489868164","11","269.05267333984","24"
"310.05059814453","4","336.08178710938","11","310.04699707031","24"
"311.99877929688","4","343.03665161133","11","326.10614013672","24"
"312.11441040039","4","346.83221435547","11","331.03796386719","24"
"313.08737182617","4","350.03982543945","11","335.11865234375","24"
"315.12130737305","4","355.0754699707","11","368.14965820312","24"
"316.05166625977","4","366.90252685547","11","377.05798339844","24"
"323.02877807617","4","375.04275512695","11","433.06793212891","24"
"324.09591674805","4","375.05859375","11","479.0827331543","24"
"324.97302246094","4","377.05401611328","11","117.02835083008","25"
"326.11724853516","4","377.06195068359","11","147.03701782227","25"
"335.13360595703","4","377.08578491211","11","185.1634979248","25"
"350.04364013672","4","393.10256958008","11","201.03959655762","25"
"350.09338378906","4","399.05474853516","11","230.05085754395","25"
"351.01263427734","4","399.07925415039","11","231.08213806152","25"
"354.11627197266","4","402.19119262695","11","309.02844238281","25"
"358.166015625","4","407.22430419922","11","318.92031860352","25"
"359.09579467773","4","431.17129516602","11","319.01165771484","25"
"391.01245117188","4","431.97451782227","11","337.06506347656","25"
"392.15808105469","4","433.05090332031","11","349.08361816406","25"
"405.04342651367","4","433.05514526367","11","434.05615234375","25"
"405.05166625977","4","434.09451293945","11","449.04064941406","25"
"405.08047485352","4","437.25427246094","11","484.10626220703","25"
"427.09036254883","4","448.08312988281","11","135.03820800781","26"
"428.05905151367","4","472.99026489258","11","139.0397644043","26"
"475.11483764648","4","475.19958496094","11","186.09442138672","26"
"480.15795898438","4","517.20495605469","11","228.14349365234","26"
"485.17810058594","4","553.25854492188","11","271.05627441406","26"
"512.01202392578","4","555.02105712891","11","293.0539855957","26"
"575.10870361328","4","563.99230957031","11","298.15036010742","26"
"585.14538574219","4","570.04235839844","11","304.65667724609","26"
"587.08184814453","4","585.19982910156","11","320.11605834961","26"
"809.03289794922","4","588.98181152344","11","355.26824951172","26"
"1165.5087890625","4","613.06353759766","11","373.10403442383","26"
"117.03720092773","5","696.16381835938","11","433.11050415039","26"
"122.98223114014","5","70.063385009766","12","715.41320800781","26"
"124.04167938232","5","112.05435180664","12","136.07666015625","27"
"124.05307006836","5","120.03500366211","12","173.05056762695","27"
"126.97514343262","5","121.03219604492","12","215.12533569336","27"
"136.07905578613","5","122.97995758057","12","239.13696289062","27"
"139.08560180664","5","123.04122161865","12","309.01763916016","27"
"147.04197692871","5","123.05029296875","12","313.07287597656","27"
"153.06587219238","5","129.09544372559","12","332.96878051758","27"
"167.06973266602","5","131.07400512695","12","335.05123901367","27"
"167.07501220703","5","136.08383178711","12","353.01229858398","27"
"168.07867431641","5","139.03253173828","12","365.05923461914","27"
"169.13589477539","5","139.08801269531","12","377.0778503418","27"
"170.0256652832","5","155.05656433105","12","435.00283813477","27"
"170.03099060059","5","155.05911254883","12","557.24505615234","27"
"180.04949951172","5","163.04862976074","12","164.0375213623","28"
"183.15913391113","5","186.08604431152","12","164.95845031738","28"
"184.97425842285","5","190.03031921387","12","241.03564453125","28"
"189.04740905762","5","191.06101989746","12","287.05111694336","28"
"190.02749633789","5","194.11285400391","12","313.07650756836","28"
"198.05735778809","5","195.04025268555","12","336.94488525391","28"
"199.07205200195","5","196.11882019043","12","349.0798034668","28"
"199.13555908203","5","202.07934570312","12","365.06314086914","28"
"199.1413269043","5","202.9789276123","12","406.06100463867","28"
"201.04249572754","5","204.03828430176","12","715.41870117188","28"
"201.05409240723","5","205.02714538574","12","112.05218505859","29"
"201.11502075195","5","207.05621337891","12","155.07693481445","29"
"203.01098632812","5","211.04623413086","12","175.03416442871","29"
"203.0313873291","5","213.05702209473","12","185.1579284668","29"
"204.04119873047","5","213.07194519043","12","211.04325866699","29"
"206.03602600098","5","220.12582397461","12","265.12771606445","29"
"211.15026855469","5","226.07795715332","12","276.04684448242","29"
"215.1283416748","5","226.13024902344","12","293.10653686523","29"
"218.07583618164","5","240.06475830078","12","405.05990600586","29"
"219.07389831543","5","240.08377075195","12","424.19931030273","29"
"220.10760498047","5","245.05082702637","12","429.07968139648","29"
"220.76365661621","5","245.13088989258","12","539.08361816406","29"
"222.16101074219","5","247.0467376709","12","585.13549804688","29"
"229.06521606445","5","249.14437866211","12","121.0862121582","30"
"257.05917358398","5","253.05375671387","12","123.04802703857","30"
"258.15911865234","5","254.14184570312","12","135.03344726562","30"
"265.11437988281","5","254.16467285156","12","151.01765441895","30"
"265.12103271484","5","256.03686523438","12","207.1150970459","30"
"265.12438964844","5","264.06286621094","12","228.12187194824","30"
"267.02307128906","5","267.05316162109","12","229.03425598145","30"
"283.05502319336","5","278.09674072266","12","231.07902526855","30"
"289.13098144531","5","281.04861450195","12","242.04348754883","30"
"292.0602722168","5","285.03057861328","12","243.14593505859","30"
"294.05291748047","5","285.1169128418","12","258.06381225586","30"
"294.13711547852","5","285.55923461914","12","309.03921508789","30"
"302.09121704102","5","285.85659790039","12","387.03811645508","30"
"307.06085205078","5","287.06845092773","12","505.09677124023","30"
"314.14520263672","5","287.17242431641","12","586.11572265625","30"
"320.12338256836","5","292.12670898438","12","181.09133911133","31"
"324.96563720703","5","295.06405639648","12","185.16906738281","31"
"329.01626586914","5","297.05987548828","12","200.14431762695","31"
"329.02368164062","5","300.06085205078","12","213.1615447998","31"
"332.97625732422","5","304.06423950195","12","217.09814453125","31"
"335.14111328125","5","305.06384277344","12","281.05206298828","31"
"336.9411315918","5","307.064453125","12","362.04412841797","31"
"337.06130981445","5","311.03475952148","12","418.07012939453","31"
"337.67376708984","5","311.0383605957","12","241.04833984375","32"
"339.07739257812","5","312.1252746582","12","263.16940307617","32"
"340.09524536133","5","317.04165649414","12","287.0823059082","32"
"349.08743286133","5","318.05508422852","12","392.13781738281","32"
"350.14697265625","5","324.08856201172","12","539.07885742188","32"
"355.09088134766","5","329.09790039062","12","163.03295898438","33"
"362.0947265625","5","331.06771850586","12","241.01341247559","33"
"375.14971923828","5","335.04748535156","12","283.06878662109","33"
"392.14999389648","5","350.17761230469","12","287.05804443359","33"
"393.11471557617","5","353.01614379883","12","357.0634765625","33"
"393.13500976562","5","354.12399291992","12","493.05026245117","33"
"398.11538696289","5","355.09475708008","12","579.271484375","33"
"405.05578613281","5","363.14651489258","12","120.0708694458","34"
"406.05688476562","5","375.06652832031","12","120.08656311035","34"
"413.19891357422","5","389.10949707031","12","151.02017211914","34"
"418.07431030273","5","390.07049560547","12","237.04417419434","34"
"427.08190917969","5","393.06201171875","12","245.05722045898","34"
"429.07543945312","5","397.07522583008","12","271.06637573242","34"
"455.16500854492","5","399.06292724609","12","309.02124023438","34"
"463.10330200195","5","405.03106689453","12","404.05181884766","34"
"463.11209106445","5","409.16271972656","12","163.04341125488","35"
"469.24713134766","5","409.2165222168","12","229.0559387207","35"
"475.10592651367","5","413.11572265625","12","265.13104248047","35"
"476.08740234375","5","423.11715698242","12","362.0986328125","35"
"484.11077880859","5","430.17788696289","12","451.04998779297","35"
"513.82818603516","5","430.18212890625","12","292.13018798828","36"
"551.0185546875","5","434.05187988281","12","433.08920288086","36"
"588.99176025391","5","435.06683349609","12","123.04348754883","37"
"715.42419433594","5","442.09710693359","12","181.06381225586","37"
"844.16711425781","5","447.20452880859","12","186.09162902832","37"
"86.095756530762","6","469.24270629883","12","197.1170501709","37"
"103.06283569336","6","475.20404052734","12","198.06024169922","37"
"106.04772186279","6","491.07174682617","12","218.06979370117","37"
"109.02394104004","6","508.28329467773","12","290.08486938477","37"
"123.03214263916","6","513.82354736328","12","401.06378173828","37"
"139.09042358398","6","528.09704589844","12","207.11804199219","38"
"140.06440734863","6","557.24987792969","12","257.00341796875","38"
"144.89666748047","6","586.12066650391","12","339.08493041992","38"
"162.02886962891","6","616.32983398438","12","342.14306640625","38"
"164.07157897949","6","716.35467529297","12","355.12557983398","38"
"173.12054443359","6","809.03869628906","12","147.04444885254","39"
"173.12593078613","6","84.061698913574","13","257.08541870117","39"
"177.11074829102","6","124.04851531982","13","508.27868652344","39"
"183.06777954102","6","126.97744750977","13","151.04028320312","40"
"183.15083312988","6","156.12316894531","13","259.05722045898","40"
"186.08325195312","6","157.05754089355","13","117.03941345215","41"
"186.09999084473","6","169.0534362793","13","117.06597137451","41"
"190.03314208984","6","169.11195373535","13","271.06301879883","41"
"192.0378112793","6","177.04541015625","13","287.04418945312","41"
"199.04608154297","6","181.0885925293","13","165.0583190918","42"
"201.07440185547","6","203.04304504395","13","293.10302734375","42"
"202.99932861328","6","205.00663757324","13","418.06594848633","42"
"203.01972961426","6","205.05058288574","13","136.07189941406","43"
"203.060546875","6","205.10038757324","13","257.00668334961","43"
"204.03535461426","6","206.04483032227","13","296.11920166016","43"
"211.9655456543","6","207.12391662598","13","299.05529785156","43"
"225.20217895508","6","208.94148254395","13","405.07223510742","43"
"226.12409973145","6","209.9747467041","13","449.03631591797","43"
"227.09104919434","6","217.00772094727","13","128.06550598145","44"
"229.01258850098","6","218.1423034668","13","180.04675292969","44"
"242.1771697998","6","218.94976806641","13","390.07455444336","44"
"243.14274597168","6","219.07691955566","13","393.00927734375","44"
"248.98941040039","6","224.11367797852","13","183.14529418945","45"
"257.08868408203","6","228.14041137695","13","193.04266357422","45"
"269.03588867188","6","229.03115844727","13","200.14143371582","45"
"269.04260253906","6","239.1432800293","13","218.07281494141","45"
"269.05603027344","6","241.01658630371","13","255.17669677734","45"
"270.05017089844","6","241.05151367188","13","257.05590820312","45"
"270.130859375","6","242.06257629395","13","287.04071044922","45"
"283.05157470703","6","242.11032104492","13","299.04470825195","45"
"286.12646484375","6","261.18530273438","13","377.06991577148","45"
"303.14459228516","6","267.01971435547","13","257.03622436523","46"
"305.06741333008","6","267.06985473633","13","201.06280517578","47"
"307.06802368164","6","268.07040405273","13","245.05403137207","47"
"311.04196166992","6","271.09671020508","13","287.05456542969","47"
"311.99154663086","6","283.0481262207","13","405.06402587891","47"
"313.06927490234","6","283.07223510742","13","406.06512451172","47"
"318.17181396484","6","285.13073730469","13","433.0849609375","47"
"320.03186035156","6","301.12133789062","13","433.11474609375","47"
"325.1279296875","6","308.07260131836","13","132.09478759766","48"
"326.98965454102","6","309.04281616211","13","207.12097167969","48"
"355.09860229492","6","311.04916381836","13","455.15628051758","48"
"357.20263671875","6","311.06359863281","13","194.11570739746","50"
"358.17376708984","6","319.45391845703","13","256.03033447266","51"
"362.04800415039","6","324.04067993164","13","332.97250366211","51"
"375.06256103516","6","326.1135559082","13","139.03494262695","52"
"382.03176879883","6","326.98596191406","13","163.0355682373","52"
"383","6","330.13040161133","13","243.1236114502","52"
"383.04403686523","6","331.07144165039","13","249.76472473145","52"
"389.08932495117","6","334.4635925293","13","433.09771728516","52"
"404.06002807617","6","342.98361206055","13","136.07427978516","53"
"404.20809936523","6","342.98739624023","13","263.16607666016","53"
"433.10198974609","6","345.07431030273","13","447.06176757812","53"
"445.06997680664","6","350.0895690918","13","447.06610107422","53"
"446.05020141602","6","352.96234130859","13","377.07388305664","54"
"456.02520751953","6","369.13159179688","13","123.045753479","55"
"464.3147277832","6","371.0954284668","13","135.0453338623","56"
"469.23828125","6","372.0852355957","13","185.16627502441","56"
"498.21936035156","6","375.15368652344","13","257.03948974609","56"
"498.24676513672","6","376.06555175781","13","320.11972045898","56"
"505.10137939453","6","392.1337890625","13","357.05960083008","57"
"507.07104492188","6","402.19528198242","13","368.14572143555","58"
"539.08837890625","6","404.03948974609","13","120.07534790039","59"
"844.36920166016","6","405.02694702148","13","309.03201293945","60"
"121.08846282959","7","418.03665161133","13","340.09899902344","60"
"122.97769165039","7","418.04086303711","13","239.14012145996","61"
"129.11172485352","7","419.07879638672","13","301.11776733398","61"
"136.08143615723","7","422.0364074707","13","201.05990600586","63"
"139.02528381348","7","432.15737915039","13","257.0329284668","63"
"139.03012084961","7","437.24996948242","13","405.06814575195","63"
"152.0425567627","7","438.16159057617","13","139.03735351562","64"
"159.04554748535","7","442.09280395508","13","257.02966308594","64"
"161.08500671387","7","446.97528076172","13","433.08068847656","64"
"169.09332275391","7","512.00744628906","13","339.08117675781","65"
"169.11460876465","7","528.10174560547","13","480.15347290039","66"
"183.10653686523","7","585.12561035156","13","243.12680053711","68"
"185.0521697998","7","844.1611328125","13","309.03561401367","71"
"199.19041442871","7","129.10939025879","14","258.06707763672","73"
"202.07643127441","7","133.03221130371","14","120.07311248779","76"
"203.04597473145","7","137.01850891113","14","257.0263671875","77"
"207.07388305664","7","137.02569580078","14","257.04278564453","77"
"213.07493591309","7","159.04296875","14","120.07759094238","78"
"227.16813659668","7","171.14517211914","14","120.08432006836","81"
"229.07141113281","7","173.12322998047","14","163.04078674316","82"
"242.05940246582","7","183.14251708984","14","163.03817749023","94"
"242.08804321289","7","184.97148132324","14","433.0934753418","95"
"242.11351013184","7","186.09719848633","14","257.04605102539","111"
"245.04441833496","7","189.0502166748","14","120.07983398438","127"
"247.07888793945","7","198.06311035156","14","120.08207702637","182"
"","","199.0489654541","14","",""
"","","211.96852111816","14","",""
"","","213.0958404541","14","",""
"","","214.06747436523","14","",""
"","","214.07048034668","14","",""
"","","231.07591247559","14","",""
"","","240.13131713867","14","",""
"","","242.08485412598","14","",""
"","","245.02520751953","14","",""
"","","247.03709411621","14","",""
"","","247.04995727539","14","",""
"","","250.09136962891","14","",""
"","","258.04736328125","14","",""
"","","259.15600585938","14","",""
"","","261.10266113281","14","",""
"","","261.9296875","14","",""
"","","283.03436279297","14","",""
"","","283.06192016602","14","",""
"","","283.0791015625","14","",""
"","","293.05047607422","14","",""
"","","293.05749511719","14","",""
"","","294.04940795898","14","",""
"","","299.04824829102","14","",""
"","","299.07299804688","14","",""
"","","310.73175048828","14","",""
"","","311.04556274414","14","",""
"","","311.05279541016","14","",""
"","","312.11804199219","14","",""
"","","318.05871582031","14","",""
"","","322.06619262695","14","",""
"","","324.96932983398","14","",""
"","","326.10983276367","14","",""
"","","329.04965209961","14","",""
"","","335.13735961914","14","",""
"","","335.95803833008","14","",""
"","","349.06069946289","14","",""
"","","349.06451416016","14","",""
"","","350.15081787109","14","",""
"","","351.00881958008","14","",""
"","","353.00845336914","14","",""
"","","359.99572753906","14","",""
"","","359.99960327148","14","",""
"","","377.06594848633","14","",""
"","","382.03576660156","14","",""
"","","393.11065673828","14","",""
"","","393.13095092773","14","",""
"","","398.11129760742","14","",""
"","","402.01889038086","14","",""
"","","404.20397949219","14","",""
"","","411.06427001953","14","",""
"","","423.12979125977","14","",""
"","","424.19509887695","14","",""
"","","438.15731811523","14","",""
"","","446.05453491211","14","",""
"","","449.03198242188","14","",""
