"mz_10eV","10 ev","mz_20eV","20 ev","mz_40eV","40 ev"
"70.0209","2.60E+1","51.694","2.70E+1","51.0246","2.30E+1"
"72.0791","2.50E+1","55.782","2.90E+1","54.5789","2.00E+1"
"74.9243","2.30E+1","70.0616","7.50E+1","65.0316","2.40E+1"
"76.1961","4.30E+1","71.067","2.60E+1","68.0508","2.80E+1"
"77.2829","2.10E+1","72.0808","4.40E+1","68.9883","6.80E+1"
"86.088","2.96E+1","74.0225","3.10E+1","70.0561","2.10E+1"
"86.0999","1.17E+2","84.0458","3.10E+1","70.0654","6.90E+1"
"87.1036","2.10E+1","84.0822","8.70E+1","71.0668","2.60E+1"
"97.0562","2.10E+1","86.0976","1.59E+2","72.0335","2.20E+1"
"103.0498","2.00E+1","87.0495","2.10E+1","72.06","3.70E+1"
"115.0845","2.20E+1","89.0692","3.60E+1","72.0786","2.10E+1"
"115.1908","2.70E+1","90.0519","2.10E+1","77.0395","2.33E+2"
"116.066","4.40E+1","90.8681","3.50E+1","78.0344","4.10E+1"
"116.0833","2.00E+1","91.0583","2.10E+1","79.0516","1.05E+2"
"117.0382","3.20E+1","93.048","4.00E+1","81.0423","6.32E+1"
"120.0827","1.63E+3","93.0626","2.20E+1","82.0526","2.20E+1"
"121.0891","9.50E+1","95.0491","8.10E+1","83.0582","1.33E+2"
"123.0379","2.90E+1","97.0374","5.40E+1","84.0546","2.00E+1"
"123.0619","2.40E+1","99.7538","2.50E+1","84.0832","1.95E+2"
"123.2844","3.10E+1","101.0745","2.20E+1","84.1039","2.40E+1"
"127.0416","4.50E+1","102.0347","2.20E+1","84.9622","2.00E+1"
"129.0933","8.90E+1","102.0446","2.15E+1","85.0383","4.90E+1"
"130.0586","3.30E+1","102.0655","2.10E+1","85.0858","2.10E+1"
"130.0905","3.30E+1","103.0342","4.50E+1","86.0894","7.39E+1"
"131.079","2.20E+1","103.0569","1.37E+2","86.1008","1.06E+2"
"132.0981","1.29E+2","104.0539","2.08E+1","89.0362","7.60E+1"
"133.0192","2.10E+1","104.063","2.30E+1","89.0502","1.97E+1"
"133.0453","2.35E+1","106.0543","2.40E+1","90.0558","2.50E+1"
"133.0599","8.90E+1","107.0419","2.30E+1","91.0565","2.53E+2"
"133.3674","5.60E+1","108.0536","2.40E+1","92.0486","2.40E+1"
"134.0318","2.30E+1","108.103","2.10E+1","92.9651","4.00E+1"
"136.0758","9.50E+1","110.0729","3.20E+2","93.0351","4.31E+1"
"137.0699","4.30E+1","110.1359","6.60E+1","93.0435","2.07E+2"
"141.4017","2.60E+1","112.0817","3.20E+1","93.0716","1.72E+2"
"142.2858","3.00E+1","113.9494","2.30E+1","94.0366","2.20E+1"
"144.1077","6.10E+1","114.0902","1.06E+2","94.0571","4.41E+1"
"147.0443","5.70E+1","114.5525","2.80E+1","94.0763","8.14E+1"
"147.0753","2.80E+1","114.6963","2.10E+1","95.035","2.30E+1"
"147.0869","4.20E+1","115.0504","1.33E+2","95.0478","2.47E+1"
"148.0629","1.63E+2","115.0612","3.30E+1","95.0617","2.14E+2"
"150.0614","1.54E+3","115.091","2.10E+1","96.5694","3.60E+1"
"150.2351","6.10E+1","116.0626","2.90E+1","96.7251","2.60E+1"
"151.0631","8.48E+1","116.0748","5.40E+1","96.9696","2.50E+1"
"152.0493","2.90E+1","117.0485","4.02E+1","97.0354","4.40E+1"
"156.0607","4.90E+1","117.0596","4.13E+1","98.5163","3.30E+1"
"156.0796","2.10E+1","118.0668","7.40E+1","98.9627","2.00E+1"
"157.0893","2.40E+1","118.0879","2.50E+1","98.9805","2.40E+1"
"157.1324","1.23E+2","119.05","5.30E+1","99.0582","2.10E+1"
"158.1317","2.10E+1","119.0912","2.20E+1","102.0441","1.93E+1"
"159.0711","4.80E+1","120.0508","3.30E+1","102.0517","5.67E+1"
"159.0851","2.10E+1","120.0578","7.05E+1","102.6173","3.70E+1"
"159.1122","3.00E+1","120.0817","7.74E+3","103.035","1.40E+2"
"159.554","3.40E+1","120.1378","6.20E+1","103.0555","6.01E+2"
"163.0528","2.60E+1","121.0846","7.32E+2","103.0705","7.69E+1"
"165.0551","6.20E+1","122.0875","4.00E+1","103.092","2.00E+1"
"166.0656","6.70E+1","123.046","2.10E+1","104.0563","8.10E+1"
"166.0829","1.21E+2","123.0714","2.20E+1","104.9601","2.40E+1"
"166.0968","7.28E+1","123.3955","3.50E+1","105.0659","2.41E+1"
"166.2778","2.80E+1","124.0863","2.40E+1","105.0747","2.80E+1"
"167.1003","7.60E+1","126.0606","2.20E+1","106.0709","2.10E+1"
"168.0964","2.10E+1","127.0014","2.00E+1","107.047","2.19E+2"
"169.0627","2.90E+1","127.0429","2.00E+1","107.0657","3.20E+1"
"169.1398","7.70E+1","127.0821","5.60E+1","108.055","5.60E+1"
"170.079","2.60E+1","127.0946","1.84E+1","109.061","3.20E+1"
"171.0978","1.93E+2","129.0621","3.10E+1","109.0748","6.20E+1"
"171.1178","1.12E+2","129.0711","2.50E+1","110.0256","4.70E+1"
"171.1528","9.70E+1","129.1063","3.12E+2","110.0726","2.05E+3"
"173.0824","4.64E+0","129.8917","2.20E+1","110.133","6.20E+1"
"173.0954","6.51E+1","130.0302","3.20E+1","111.0597","7.51E+1"
"173.1324","1.20E+2","130.0666","1.40E+3","111.0715","1.24E+2"
"174.132","2.70E+1","130.0902","4.60E+1","111.0874","2.01E+1"
"175.118","2.20E+1","130.1029","3.00E+1","111.0974","2.40E+1"
"176.1125","2.70E+1","130.1725","2.30E+1","112.0112","2.10E+1"
"176.3389","2.60E+1","131.0507","2.40E+1","112.091","1.20E+2"
"176.3575","3.20E+1","131.0707","1.79E+2","113.0699","5.20E+1"
"177.0221","3.10E+1","131.0873","7.69E+1","113.0959","2.80E+1"
"177.063","2.30E+1","131.092","2.10E+1","113.1175","2.20E+1"
"177.1168","6.90E+1","131.1273","2.50E+1","114.0004","2.20E+1"
"179.1508","2.60E+1","132.0821","1.32E+3","114.982","5.10E+1"
"181.1834","2.70E+1","132.1125","2.20E+1","115.0512","1.06E+3"
"182.0839","2.20E+1","133.0315","2.02E+1","115.0638","3.88E+2"
"182.7815","2.10E+1","133.0447","5.93E+1","115.0882","1.05E+2"
"183.1183","2.20E+1","133.0598","8.20E+1","115.1006","2.11E+1"
"183.6662","2.10E+1","133.091","1.01E+2","116.06","1.91E+2"
"184.0924","3.70E+1","133.1154","2.20E+1","116.0963","2.30E+1"
"185.0455","2.10E+1","133.9629","7.20E+1","117.0588","1.31E+3"
"185.127","1.28E+2","134.0635","2.40E+1","117.0761","2.24E+2"
"185.1535","3.51E+1","134.2513","2.20E+1","118.0563","1.58E+2"
"185.1748","4.86E+1","135.0652","2.00E+1","118.0704","2.50E+2"
"185.2669","3.40E+1","136.0252","2.70E+1","119.0291","2.00E+1"
"185.5971","3.30E+1","136.0452","1.06E+2","119.0504","1.73E+2"
"185.6239","2.40E+1","136.0757","5.03E+2","119.0697","1.29E+2"
"185.9983","2.40E+1","136.0937","5.57E+1","119.3918","2.00E+1"
"186.0977","4.70E+1","137.0759","1.53E+2","120.0299","2.07E+1"
"186.1156","6.75E+1","137.0968","2.50E+1","120.046","5.40E+1"
"186.1302","2.05E+1","138.0702","2.20E+1","120.0813","4.49E+3"
"187.066","2.40E+1","139.0949","8.10E+1","120.177","3.10E+1"
"187.0838","1.04E+2","140.0779","1.07E+2","121.0101","4.10E+1"
"187.1093","1.07E+2","140.154","2.10E+1","121.033","2.10E+1"
"187.1352","5.20E+1","141.0661","5.20E+1","121.0411","6.62E+1"
"188.0664","2.50E+1","142.038","2.50E+1","121.0837","6.12E+2"
"188.0774","2.00E+1","142.0634","2.65E+2","121.188","3.90E+1"
"188.1195","2.40E+1","142.0807","1.89E+1","121.3499","2.20E+1"
"189.1277","6.56E+2","143.0775","9.60E+1","122.0575","1.68E+1"
"189.4982","2.10E+1","143.1171","3.12E+2","122.0752","2.78E+2"
"190.1199","3.00E+1","144.0392","5.30E+1","123.0498","2.17E+2"
"190.1449","2.20E+1","144.0804","2.04E+3","124.0441","4.30E+1"
"191.1077","2.03E+2","144.1093","2.49E+1","124.0812","2.20E+1"
"191.1217","7.25E+2","145.0473","2.60E+1","124.0946","4.50E+1"
"191.1794","2.30E+1","145.0793","1.02E+2","124.1101","2.04E+1"
"192.1177","9.34E+1","145.0931","1.25E+2","124.9866","3.10E+1"
"192.3151","2.20E+1","146.0434","4.50E+1","125.0466","4.90E+1"
"192.5947","2.20E+1","146.0628","2.40E+1","125.0975","2.70E+1"
"193.1058","4.80E+1","146.097","4.60E+1","125.1131","2.40E+1"
"193.5806","3.60E+1","146.1098","5.10E+1","125.9647","6.20E+1"
"194.8236","2.00E+1","147.0273","1.89E+1","126.1042","2.30E+1"
"197.1333","1.37E+2","147.0457","1.19E+2","126.9751","2.50E+1"
"197.6421","6.40E+1","147.0805","2.20E+1","127.0412","3.00E+1"
"197.9728","2.40E+1","147.1033","2.40E+1","127.0545","7.00E+1"
"198.0441","2.00E+1","147.1175","2.20E+1","127.0916","2.10E+1"
"198.0865","2.70E+1","148.0473","4.10E+1","128.0554","6.10E+1"
"198.1348","2.10E+1","148.0815","6.60E+1","128.0848","2.20E+1"
"198.6935","4.50E+1","149.0221","4.00E+1","128.1081","7.70E+1"
"199.146","2.40E+1","149.0468","2.60E+1","128.8737","2.40E+1"
"199.1801","2.00E+1","149.0703","2.60E+1","128.9892","2.10E+1"
"200.0899","3.60E+1","149.0944","2.10E+1","129.0647","5.55E+1"
"200.1387","2.20E+1","150.0372","2.70E+1","129.0918","1.63E+2"
"201.1124","2.40E+1","150.0613","3.46E+2","129.1064","1.10E+2"
"201.1356","1.00E+2","150.0817","2.05E+1","130.02","4.50E+1"
"202.1017","4.60E+1","151.0588","2.30E+1","130.065","1.84E+3"
"202.1335","1.63E+2","151.0867","4.10E+1","130.1139","3.20E+1"
"203.0804","4.50E+1","152.0363","2.10E+1","130.949","2.90E+1"
"204.1311","2.10E+1","153.0542","3.00E+1","130.9982","5.00E+1"
"204.8359","2.00E+1","153.1378","3.00E+1","131.0333","2.20E+1"
"205.1031","7.20E+1","154.0133","5.30E+1","131.074","1.93E+2"
"205.1779","2.90E+1","154.0516","2.10E+1","131.9553","2.00E+1"
"205.6472","4.00E+1","154.0851","5.40E+1","132.0227","2.20E+1"
"209.991","2.60E+1","155.0803","1.60E+2","132.0824","3.47E+3"
"210.1153","2.00E+1","155.1041","2.10E+1","132.1211","3.40E+1"
"211.0255","2.20E+1","156.078","3.10E+2","132.1375","2.20E+1"
"211.1062","4.40E+1","156.2298","2.50E+1","132.903","2.40E+1"
"211.1414","2.70E+1","157.0923","9.48E+1","133.0252","2.10E+1"
"211.164","5.50E+1","157.112","1.47E+2","133.064","8.44E+1"
"212.015","2.10E+1","157.1367","1.64E+2","133.0847","3.82E+2"
"212.7075","3.80E+1","158.0929","6.80E+1","133.518","2.50E+1"
"213.1003","2.60E+1","158.9601","2.40E+1","134.0715","1.51E+2"
"213.1481","2.40E+1","159.0316","2.50E+1","134.0947","8.90E+1"
"214.1581","2.40E+1","159.0435","2.70E+1","134.9672","2.20E+1"
"214.9213","4.60E+1","159.0925","4.56E+3","135.0296","2.60E+1"
"215.0986","3.10E+1","159.1262","6.47E+1","135.0576","7.40E+1"
"215.1404","7.90E+1","159.2522","3.30E+1","135.086","2.30E+1"
"216.1471","2.00E+1","159.6985","4.00E+1","135.1061","2.80E+1"
"217.0383","2.20E+1","160.0882","7.05E+2","136.0346","7.70E+1"
"217.0721","3.70E+1","160.1084","8.72E+1","136.0812","3.18E+2"
"217.0939","2.80E+1","160.1448","4.20E+1","136.9556","2.70E+1"
"217.651","4.60E+1","161.1116","2.20E+1","136.986","3.10E+1"
"217.7026","2.00E+1","162.0577","6.87E+2","137.9561","2.80E+1"
"217.897","2.00E+1","162.0709","1.16E+2","138.0714","1.07E+2"
"219.0176","2.10E+1","162.1503","2.40E+1","138.0936","4.40E+1"
"219.1142","6.48E+3","163.0281","2.40E+1","138.9717","2.40E+1"
"219.1543","4.50E+1","163.0359","3.93E+1","139.0437","2.30E+1"
"219.1742","2.00E+1","163.0428","2.34E+1","139.0884","3.60E+1"
"219.2282","3.30E+1","163.0517","2.10E+1","139.126","2.00E+1"
"220.0775","4.33E+1","163.1054","2.90E+1","139.3227","2.10E+1"
"220.1189","1.48E+3","163.1574","3.80E+1","140.0226","2.90E+1"
"220.5918","2.50E+1","164.0957","2.50E+1","140.0515","1.60E+2"
"221.0981","8.60E+2","164.1194","2.00E+1","140.9777","3.80E+1"
"221.1349","3.48E+2","164.5532","2.10E+1","140.9883","2.50E+1"
"221.2251","5.00E+1","164.7028","2.70E+1","141.0536","4.40E+1"
"221.6522","4.50E+1","165.0133","2.10E+1","141.0731","8.50E+1"
"222.103","2.42E+1","165.0549","2.41E+2","142.022","2.60E+1"
"222.1326","2.42E+2","165.1079","3.00E+1","142.0679","1.33E+3"
"222.8824","2.30E+1","165.1298","5.10E+1","142.9625","2.10E+1"
"223.1081","3.91E+3","165.3279","2.10E+1","143.0567","1.23E+2"
"223.4557","2.40E+1","166.0572","7.99E+1","143.0761","5.71E+2"
"224.0916","8.75E+1","166.07","2.00E+1","143.0892","6.13E+1"
"224.1141","2.26E+2","166.0912","1.35E+2","143.1227","5.20E+1"
"225.1179","2.20E+1","166.1216","2.10E+1","144.0459","6.56E+2"
"225.1547","2.30E+1","167.054","3.80E+1","144.0811","1.11E+3"
"225.6234","5.00E+1","167.9996","2.60E+1","144.1244","2.10E+1"
"226.073","3.10E+1","168.0296","4.40E+1","145.0334","8.26E+1"
"226.1665","2.00E+1","168.0484","2.40E+1","145.0472","9.70E+1"
"226.5269","2.00E+1","168.1092","2.00E+1","145.0795","2.55E+2"
"226.6702","2.30E+1","168.9839","4.10E+1","146.0313","2.70E+1"
"226.9676","2.70E+1","169.0609","3.69E+2","146.0544","3.00E+1"
"228.1278","2.50E+1","169.1024","4.90E+1","146.0778","5.72E+1"
"228.1729","2.00E+1","169.128","1.08E+2","146.0978","2.09E+2"
"229.1152","6.40E+1","169.1582","2.90E+1","147.0457","9.70E+1"
"229.1377","7.20E+1","170.0324","2.31E+1","147.0734","2.80E+1"
"231.0822","2.70E+1","170.061","1.35E+3","147.1004","2.20E+1"
"231.109","5.40E+1","170.0838","1.62E+2","148.0726","2.00E+1"
"233.115","6.40E+1","170.099","4.01E+1","148.0892","2.60E+1"
"233.1546","4.20E+1","170.4895","6.60E+1","148.1148","8.60E+1"
"233.1761","2.70E+1","171.0599","1.49E+2","149.0171","5.80E+1"
"234.1405","1.47E+2","171.0802","9.10E+1","149.0855","1.08E+2"
"234.6385","2.10E+1","171.1077","1.91E+2","150.0627","1.01E+2"
"235.1099","2.30E+1","171.1543","4.60E+1","150.9869","3.40E+1"
"235.1352","4.70E+1","172.0582","2.37E+1","151.0007","2.21E+1"
"235.1808","2.50E+1","172.0752","1.47E+2","151.0203","5.60E+1"
"236.1048","2.30E+1","173.0978","5.30E+1","151.0696","2.10E+1"
"237.0911","2.10E+1","173.1301","1.20E+2","151.9948","2.30E+1"
"237.131","5.61E+1","174.0938","6.30E+1","152.0081","2.04E+1"
"237.1452","3.10E+1","175.0026","2.10E+1","152.029","4.70E+1"
"238.034","2.90E+1","175.0916","7.90E+1","152.0518","7.10E+1"
"238.3628","2.10E+1","175.1189","9.10E+1","152.0853","2.48E+2"
"238.6557","2.50E+1","176.1079","4.06E+2","152.147","2.20E+1"
"239.1151","2.50E+1","176.9749","2.30E+1","152.4028","2.70E+1"
"239.1353","2.00E+1","177.0328","3.20E+1","153.0042","2.90E+1"
"239.1669","4.40E+1","177.0442","6.38E+1","153.0732","6.90E+1"
"239.6481","2.10E+1","177.0812","5.70E+1","153.9963","5.50E+1"
"240.1203","2.10E+1","177.1134","7.18E+2","154.0497","2.50E+1"
"240.1423","7.70E+1","177.142","2.70E+1","154.0667","3.00E+1"
"241.0963","2.00E+1","178.013","2.40E+1","155.011","3.10E+1"
"241.129","2.00E+1","178.0825","7.40E+1","155.1133","2.30E+1"
"241.1631","2.30E+1","178.1139","5.00E+1","156.0878","2.90E+1"
"242.1486","2.20E+1","178.348","3.70E+1","156.1261","2.80E+1"
"242.179","2.70E+1","179.036","2.90E+1","157.0652","6.20E+1"
"243.0984","6.60E+1","179.1147","2.20E+1","157.0819","3.80E+1"
"243.1193","2.10E+1","179.1469","2.50E+1","158.0398","3.40E+1"
"243.6466","2.70E+1","181.0841","4.20E+1","158.0518","5.10E+1"
"244.1169","6.40E+1","181.1056","3.10E+1","158.0833","1.03E+2"
"244.5688","2.30E+1","181.9912","4.90E+1","158.1149","2.40E+1"
"245.0782","2.20E+1","182.0706","2.64E+1","159.0058","4.50E+1"
"245.1213","2.20E+1","182.0869","3.50E+1","159.0937","1.78E+3"
"246.1717","2.50E+1","183.0826","7.50E+1","160.0385","2.50E+1"
"246.3475","2.50E+1","183.1087","1.20E+2","160.0708","1.37E+2"
"247.1219","3.30E+1","183.1287","4.27E+1","160.0895","9.18E+1"
"247.1635","4.00E+1","183.1508","2.30E+1","160.1081","4.79E+1"
"248.1555","2.50E+1","183.9925","2.40E+1","161.0187","7.40E+1"
"249.1158","4.40E+2","184.0867","2.70E+1","161.0521","2.10E+1"
"249.1349","4.95E+2","185.0128","3.80E+1","161.0803","1.34E+2"
"249.1678","2.40E+1","185.0481","3.40E+1","161.0979","5.04E+1"
"249.2462","2.20E+1","185.0745","2.20E+1","161.9888","2.60E+1"
"249.8064","2.30E+1","185.0836","3.75E+1","162.0557","3.09E+2"
"250.1264","1.97E+3","185.0928","2.40E+1","162.0679","1.22E+2"
"250.1685","9.23E+0","185.1312","7.90E+1","162.0738","7.67E+1"
"250.5446","2.70E+1","185.1606","2.60E+1","162.0943","4.50E+1"
"250.6364","2.40E+1","185.6044","8.20E+1","163.0236","3.00E+1"
"251.1209","1.32E+2","185.987","4.90E+1","163.0421","4.70E+1"
"251.1463","6.90E+1","186.0893","6.92E+2","163.0637","6.80E+1"
"251.4977","2.20E+1","186.1396","3.20E+1","163.1028","2.20E+1"
"251.5547","3.90E+1","187.087","4.23E+2","163.2483","2.70E+1"
"251.8332","8.50E+1","188.0747","8.50E+1","164.0846","1.12E+2"
"252.0969","8.23E+1","188.1189","2.40E+1","164.1071","4.77E+1"
"252.1274","6.70E+1","188.2315","5.40E+1","164.9879","2.20E+2"
"252.1415","2.60E+1","189.0014","7.10E+1","165.0107","2.40E+1"
"252.5208","2.20E+1","189.0929","6.50E+1","165.0584","5.60E+1"
"253.0674","2.10E+1","190.0484","2.50E+1","165.9973","2.22E+1"
"253.0997","2.30E+1","190.0692","2.20E+1","166.0146","1.17E+2"
"253.1323","5.90E+1","191.0343","2.30E+1","166.0634","2.40E+1"
"254.1069","3.20E+1","191.1185","8.17E+2","166.1367","2.40E+1"
"254.1449","1.40E+2","191.1585","7.65E+1","167.0003","3.20E+1"
"254.16","5.64E+1","191.5867","2.20E+1","167.0709","9.81E+1"
"255.0648","2.10E+1","192.0721","2.30E+1","167.0948","2.20E+2"
"255.1667","2.40E+1","192.1126","9.59E+1","167.1163","2.60E+1"
"255.5256","4.30E+1","192.1248","1.92E+1","167.8698","2.30E+1"
"255.6611","1.14E+2","193.0175","9.20E+1","168.0148","2.00E+1"
"256.0084","2.70E+1","193.088","2.10E+1","168.077","3.20E+1"
"256.1323","2.60E+1","193.1247","7.20E+1","168.0936","4.60E+1"
"256.1641","1.18E+2","193.7054","2.10E+1","169.0013","2.00E+1"
"257.0569","2.70E+1","194.0183","3.50E+1","169.0135","2.50E+1"
"257.1248","1.05E+3","194.0695","1.03E+2","169.0965","1.42E+2"
"257.1788","2.40E+1","194.104","2.40E+1","170.0185","4.80E+1"
"257.2065","2.20E+1","194.1246","2.60E+1","170.0641","5.65E+2"
"258.1113","5.30E+1","194.767","2.20E+1","170.2901","3.60E+1"
"258.1387","7.68E+1","195.0664","2.50E+1","171.0345","2.30E+1"
"258.6603","2.20E+1","195.0948","2.90E+1","171.0686","1.02E+2"
"259.137","2.10E+1","195.1137","8.40E+1","171.0878","5.40E+1"
"259.1483","2.09E+1","196.0659","3.60E+1","171.1477","2.20E+1"
"259.1607","2.11E+1","197.1002","8.70E+1","171.9707","2.60E+1"
"259.4979","3.50E+1","197.1364","9.70E+1","172.0767","5.65E+1"
"261.1523","8.70E+1","197.484","2.20E+1","172.0941","2.58E+1"
"261.3013","2.50E+1","197.5674","2.40E+1","173.0843","2.40E+1"
"262.1006","4.20E+1","198.0192","2.10E+1","173.9888","5.50E+1"
"262.1419","2.40E+1","198.0753","2.20E+1","175.0443","2.10E+1"
"262.2494","3.30E+1","199.0622","2.40E+1","175.1245","5.00E+1"
"262.2693","2.10E+1","199.0807","2.60E+1","176.9653","2.90E+1"
"263.1129","4.70E+1","199.108","7.20E+1","177.0625","2.18E+1"
"263.1338","2.28E+1","199.1516","4.40E+1","177.0825","9.60E+1"
"263.6688","2.60E+1","199.2197","2.60E+1","177.0956","4.80E+1"
"264.1106","2.00E+1","199.5837","2.00E+1","177.1231","2.40E+1"
"265.5459","2.20E+1","200.1265","7.43E+1","177.396","2.30E+1"
"265.6165","6.50E+1","200.1457","5.06E+1","177.9954","2.00E+1"
"265.6299","1.90E+2","201.0117","2.60E+1","178.0531","2.50E+1"
"265.6837","6.00E+1","201.0306","2.10E+1","179.0521","4.80E+1"
"266.612","2.80E+1","201.1033","2.30E+1","179.0667","2.70E+1"
"266.7797","2.50E+1","201.1338","1.20E+2","179.0896","1.35E+2"
"267.0073","4.60E+1","202.1207","2.60E+1","179.1073","5.82E+1"
"267.0527","4.30E+1","202.1396","4.38E+1","179.124","4.50E+1"
"267.087","3.41E+1","203.0897","2.10E+1","180.0071","4.70E+1"
"267.1029","6.86E+1","203.1565","8.40E+1","180.0266","2.03E+1"
"267.1487","1.39E+4","204.0475","6.50E+1","180.0417","2.28E+1"
"267.2186","6.50E+1","204.1018","2.20E+1","180.0719","1.49E+2"
"267.2921","3.30E+1","204.1223","2.60E+1","180.1002","6.80E+1"
"267.3413","4.80E+1","205.0991","3.72E+2","180.14","3.50E+1"
"267.3784","2.90E+1","206.0897","5.40E+1","180.9737","2.50E+1"
"268.0921","5.80E+1","206.4685","2.50E+1","181.001","2.30E+1"
"268.1479","2.06E+3","206.6274","2.30E+1","181.0864","1.94E+1"
"268.2944","2.90E+1","206.6734","3.90E+1","181.1009","2.50E+1"
"268.4747","3.90E+1","207.0142","2.10E+1","181.9301","2.20E+1"
"269.1073","3.70E+1","207.0643","5.20E+1","181.994","2.30E+1"
"269.1432","7.70E+1","207.0938","1.94E+2","182.0376","2.30E+1"
"269.1985","2.20E+1","208.0069","4.40E+1","182.0657","2.30E+1"
"269.6655","2.10E+1","208.0621","1.67E+2","182.1642","2.00E+1"
"270.1098","2.60E+1","208.0842","6.90E+1","182.9894","4.20E+1"
"270.1326","2.10E+1","208.1075","1.06E+2","183.1427","2.60E+1"
"270.1629","2.60E+1","208.1494","4.80E+1","183.1573","2.00E+1"
"270.1873","9.81E+1","208.9852","2.10E+1","183.9906","2.40E+1"
"270.3661","2.10E+1","209.0444","2.00E+1","184.0434","2.10E+1"
"271.1775","2.50E+1","209.0756","2.50E+1","184.0679","5.20E+1"
"271.1916","2.80E+1","209.0972","2.10E+1","185.101","3.90E+1"
"272.0779","2.60E+1","209.1475","5.73E+1","185.1204","2.00E+1"
"272.1679","4.40E+1","209.1651","2.07E+1","185.5955","2.10E+1"
"273.1655","2.00E+1","210.0323","5.90E+1","186.0757","6.80E+1"
"273.6403","2.30E+1","210.0533","2.02E+1","186.0953","2.20E+1"
"274.0542","2.10E+1","210.0791","2.60E+1","186.1378","2.10E+1"
"274.2447","2.20E+1","210.1226","2.10E+1","187.0274","2.30E+1"
"274.5852","3.60E+1","210.1353","2.20E+1","187.0925","2.40E+1"
"274.6574","3.70E+1","210.1608","2.00E+1","187.975","2.00E+1"
"275.1562","2.20E+1","211.0699","2.10E+1","188.016","2.80E+1"
"275.4381","5.60E+1","211.1055","2.36E+1","188.0718","3.10E+1"
"275.5498","5.40E+1","211.1126","2.21E+1","188.0929","2.00E+1"
"275.5771","2.20E+1","211.1235","2.44E+1","188.1082","4.40E+1"
"275.6284","2.70E+1","211.2984","2.30E+1","188.1348","2.90E+1"
"275.6654","2.30E+1","212.0437","2.10E+1","188.9944","2.00E+1"
"276.0828","6.30E+1","212.0965","5.67E+1","189.0714","5.60E+1"
"276.6349","2.70E+1","212.1054","6.01E+1","189.9905","4.20E+1"
"276.661","2.60E+1","212.1157","9.35E+1","190.0101","2.80E+1"
"276.8236","3.40E+1","212.1253","5.00E+1","190.0417","2.50E+1"
"277.1724","2.20E+1","212.1524","2.30E+1","190.0627","4.09E+1"
"277.6495","2.50E+1","212.2115","2.20E+1","190.1167","2.50E+1"
"277.6858","4.00E+1","213.0061","2.40E+1","190.9701","2.50E+1"
"278.0873","4.30E+1","213.0327","5.70E+1","190.9982","5.40E+1"
"278.1184","5.40E+1","213.0551","4.80E+1","191.048","2.90E+1"
"278.1882","3.30E+2","213.0831","2.30E+1","191.0887","4.60E+1"
"278.6881","7.50E+1","213.0939","2.50E+1","191.1002","2.10E+1"
"279.0814","2.20E+1","213.1021","2.10E+1","191.146","3.30E+1"
"279.1422","2.50E+1","213.1317","7.40E+1","191.309","2.20E+1"
"279.9349","2.30E+1","214.0715","6.10E+1","191.97","2.30E+1"
"280.0753","2.00E+1","214.1263","2.40E+1","192.08","6.90E+1"
"280.6049","2.60E+1","214.1698","4.90E+1","192.1213","2.40E+1"
"280.6749","2.40E+1","214.5478","2.30E+1","193.0124","5.30E+1"
"281.0623","2.10E+1","214.8813","2.30E+1","193.1291","2.90E+1"
"281.0974","7.00E+1","214.9624","2.10E+1","194.1413","2.10E+1"
"281.1772","2.20E+1","215.0002","5.30E+1","194.5919","2.70E+1"
"281.6065","6.80E+1","215.0362","2.60E+1","195.018","2.60E+1"
"281.6517","2.30E+1","215.0918","3.00E+1","195.0999","5.10E+1"
"282.0038","2.10E+1","216.0382","2.40E+1","196.0128","2.50E+1"
"282.1335","4.50E+1","216.0908","2.70E+1","196.0725","2.20E+1"
"282.1588","2.30E+1","216.1336","3.80E+1","196.9903","2.30E+1"
"282.1815","4.40E+1","216.8729","2.70E+1","197.0514","2.00E+1"
"283.1533","2.20E+1","216.9874","3.10E+1","197.1033","9.00E+1"
"283.2659","3.40E+1","217.0897","2.00E+1","197.1664","2.20E+1"
"283.3598","2.40E+1","218.0465","2.10E+1","199.0719","2.40E+1"
"283.7925","5.40E+1","218.0734","3.20E+1","199.828","2.10E+1"
"283.9828","9.80E+1","218.0988","2.30E+1","199.9682","2.50E+1"
"284.025","2.20E+1","218.5423","2.20E+1","199.9928","2.10E+1"
"284.1191","8.00E+1","218.9687","3.30E+1","200.8116","2.20E+1"
"284.5741","4.10E+1","218.9926","1.28E+2","201.0229","2.80E+1"
"284.6314","7.20E+1","219.0296","2.20E+1","201.0423","2.50E+1"
"284.9648","2.40E+1","219.0877","1.01E+1","201.0619","4.60E+1"
"285.0856","5.40E+1","219.1081","2.14E+2","201.1016","2.10E+1"
"285.1444","5.20E+1","219.1368","3.75E+2","202.1229","2.80E+1"
"285.1606","2.20E+1","220.108","2.10E+1","202.9167","3.20E+1"
"285.6618","3.10E+1","220.1177","4.43E+1","202.9886","2.90E+1"
"285.8263","1.02E+2","220.1416","2.66E+2","203.0354","5.20E+1"
"286.0417","2.50E+1","220.3733","2.50E+1","203.0824","2.50E+1"
"286.1584","2.10E+1","220.9656","2.10E+1","204.114","2.50E+1"
"286.475","2.80E+1","220.9821","4.40E+1","205.0669","2.30E+1"
"287.0398","4.00E+1","221.0989","1.53E+2","206.0614","2.60E+1"
"287.1395","2.40E+1","221.1293","2.39E+2","206.089","2.00E+1"
"287.1631","2.70E+1","221.6497","2.30E+1","206.1391","5.20E+1"
"287.7906","3.50E+1","221.9652","2.30E+1","206.9804","2.10E+1"
"288.1071","3.00E+1","222.0715","1.10E+2","206.9998","9.70E+1"
"288.1397","4.90E+1","222.0948","1.11E+2","207.0692","2.60E+1"
"288.188","4.50E+1","222.1276","6.49E+2","207.084","5.83E+1"
"288.8317","6.60E+1","222.1601","6.02E+1","207.0986","3.43E+1"
"288.9252","4.10E+1","222.9976","2.60E+1","207.1151","2.16E+1"
"289.1123","4.50E+1","223.0719","3.15E+1","207.9249","2.10E+1"
"289.164","6.50E+1","223.0996","3.19E+2","207.989","2.30E+1"
"289.2416","5.60E+1","223.1246","2.22E+2","208.0216","3.30E+1"
"289.3427","2.10E+1","224.1068","4.40E+1","208.0443","3.33E+1"
"289.4669","5.50E+1","224.6334","3.20E+1","208.0681","8.48E+1"
"289.619","2.30E+1","225.0318","2.10E+1","208.1404","2.30E+1"
"289.6601","3.50E+1","225.0906","3.40E+2","209.0935","4.90E+1"
"290.0927","4.00E+1","225.1299","4.70E+1","209.9879","2.10E+1"
"290.109","3.20E+1","225.1655","8.30E+1","210.0697","8.40E+1"
"290.4384","2.20E+1","225.1963","1.35E+2","210.1","2.70E+1"
"291.0644","2.20E+1","225.5997","2.80E+1","210.1203","2.80E+1"
"291.6168","2.40E+1","225.7418","2.60E+1","210.1642","2.50E+1"
"291.7516","3.40E+1","225.9838","2.70E+1","211.0579","2.20E+1"
"292.6392","3.30E+1","226.0823","4.50E+1","211.0825","4.20E+1"
"293.1697","2.18E+1","226.1173","9.10E+1","211.9687","2.70E+1"
"293.1885","2.70E+1","226.1667","4.90E+1","212.039","2.90E+1"
"293.7919","4.70E+1","226.189","3.88E+1","212.097","5.40E+1"
"294.1229","2.60E+1","227.0515","9.20E+1","212.1072","2.42E+1"
"294.1791","1.08E+2","227.1671","7.70E+1","212.1152","2.10E+1"
"294.251","4.50E+1","227.9868","2.09E+2","212.4712","4.10E+1"
"294.6156","3.20E+1","228.0334","5.40E+1","213.1169","2.20E+1"
"294.6931","2.50E+1","228.1101","2.40E+1","213.1319","2.10E+1"
"294.7892","2.60E+1","228.1507","4.50E+1","214.0884","2.30E+1"
"295.0413","3.00E+1","229.1068","2.10E+1","215.0223","2.10E+1"
"295.0688","5.70E+1","229.1356","7.00E+1","215.0462","2.00E+1"
"295.1429","4.55E+4","229.1481","2.60E+1","215.0943","2.30E+1"
"295.219","3.00E+1","230.0568","5.80E+1","216.9708","2.10E+1"
"295.2816","8.60E+1","230.1205","3.00E+1","216.9926","3.70E+1"
"295.3148","2.10E+1","230.9917","2.10E+1","217.0155","2.70E+1"
"295.3581","2.20E+1","231.0286","2.90E+1","217.0865","1.66E+2"
"295.4046","7.60E+1","231.0878","5.50E+1","217.1245","2.80E+1"
"295.4381","6.60E+1","231.1198","4.60E+1","218.0001","4.10E+1"
"295.462","3.30E+1","232.0352","8.00E+1","218.0623","4.20E+1"
"295.5818","6.00E+1","232.08","2.70E+1","218.8334","2.70E+1"
"295.6971","5.00E+1","232.1087","2.30E+1","218.9853","2.30E+1"
"296.1466","6.77E+3","232.1189","9.70E+1","219.093","2.30E+1"
"296.2624","3.50E+1","233.0107","2.48E+1","220.0068","2.70E+1"
"296.59","7.50E+1","233.0348","8.40E+1","220.0554","3.10E+1"
"297.1617","1.84E+2","233.0946","2.30E+1","220.0966","2.24E+1"
"297.5599","2.10E+1","233.1238","2.20E+1","220.1106","6.80E+1"
"297.6387","2.50E+1","233.1611","2.52E+1","220.1345","6.50E+1"
"297.8424","3.40E+1","233.1783","4.50E+1","222.0845","2.00E+1"
"298.104","2.30E+1","233.5918","2.40E+1","222.1392","2.80E+1"
"298.1416","4.30E+1","233.6871","2.10E+1","223.1066","3.60E+1"
"298.2111","4.70E+1","233.8929","2.10E+1","223.1518","5.50E+1"
"298.7008","7.60E+1","233.9069","2.10E+1","225.0147","2.40E+1"
"298.8021","2.50E+1","234.1143","9.90E+1","225.1069","7.62E+1"
"299.1357","3.40E+1","234.1433","5.70E+1","225.1367","1.03E+2"
"299.1624","2.00E+1","234.1669","2.30E+1","226.0883","6.60E+1"
"299.2268","6.30E+1","234.6297","3.80E+1","227.0353","5.80E+1"
"299.3802","2.20E+1","234.9884","2.00E+1","228.0202","3.00E+1"
"299.5022","4.00E+1","235.0153","2.20E+1","228.115","2.10E+1"
"299.6403","2.10E+1","235.08","1.81E+1","228.152","2.40E+1"
"299.6923","2.70E+1","235.0993","5.78E+1","228.7862","2.10E+1"
"300.1571","2.62E+2","235.1121","7.30E+1","229.0255","5.00E+1"
"300.1967","2.00E+1","235.1229","1.03E+2","230.0722","3.00E+1"
"300.4951","5.10E+1","235.1477","2.00E+1","232.0333","2.00E+1"
"301.0464","2.10E+1","235.4491","2.50E+1","233.9883","2.10E+1"
"301.1513","3.60E+1","236.0811","2.10E+1","234.0769","5.20E+1"
"302.0969","3.10E+1","236.1066","2.40E+1","235.0318","3.10E+1"
"302.14","2.40E+1","236.623","1.10E+2","235.12","2.50E+1"
"302.1761","7.40E+1","237.0849","1.34E+2","236.0366","3.00E+1"
"302.817","2.40E+1","237.1207","1.78E+2","236.0505","2.00E+1"
"302.9991","2.00E+1","237.1701","6.50E+1","237.9941","4.50E+1"
"303.1737","3.40E+1","238.0232","2.10E+1","238.0232","2.10E+1"
"303.498","2.10E+1","238.1474","2.60E+1","238.037","4.27E+1"
"303.5272","2.20E+1","238.6035","3.00E+1","238.1016","4.40E+1"
"303.583","2.30E+1","239.0328","3.50E+1","238.1558","2.10E+1"
"303.6326","3.10E+1","239.1372","2.80E+1","238.8763","2.20E+1"
"303.6998","2.40E+1","239.1558","2.06E+1","239.0212","2.60E+1"
"303.9088","3.40E+1","239.6501","2.20E+1","239.0766","2.50E+1"
"304.091","3.00E+1","239.9843","4.90E+1","239.1444","2.20E+1"
"304.128","4.89E+1","240.0238","2.60E+1","240.043","4.40E+1"
"304.1602","8.05E+1","240.0774","2.70E+1","240.0724","2.90E+1"
"304.5135","4.50E+1","240.1072","2.20E+1","240.9785","2.10E+1"
"304.6218","2.50E+1","240.1372","6.10E+1","241.9612","4.50E+1"
"304.6874","3.20E+1","240.1814","3.20E+1","241.9848","5.70E+1"
"305.0375","2.10E+1","240.6177","2.30E+1","242.0947","2.10E+1"
"305.129","7.75E+1","241.0108","2.80E+1","242.1335","5.20E+1"
"305.148","2.50E+1","241.0518","1.77E+2","242.1577","2.60E+1"
"305.1782","8.90E+1","241.0707","8.50E+1","242.7842","2.70E+1"
"305.5273","2.30E+1","241.1114","2.20E+1","243.1208","2.20E+1"
"305.6505","2.30E+1","241.1641","4.70E+1","244.3234","2.90E+1"
"306.0452","2.80E+1","241.5601","2.20E+1","245.1213","2.30E+1"
"306.1261","5.20E+1","242.0152","2.10E+1","246.0242","2.50E+1"
"306.9879","3.10E+1","242.0438","2.00E+1","246.1304","2.30E+1"
"307.1763","1.94E+1","242.0773","2.10E+1","246.2067","2.10E+1"
"307.1958","4.00E+1","242.1246","8.11E+1","248.0523","2.00E+1"
"307.5587","2.40E+1","242.1458","1.24E+2","248.109","9.60E+1"
"307.5778","2.25E+1","242.1844","1.31E+2","248.152","2.60E+1"
"308.0247","2.50E+1","242.2072","1.12E+2","248.5008","5.70E+1"
"308.1638","3.60E+1","242.9531","2.00E+1","249.041","2.70E+1"
"309.0517","4.70E+1","243.0152","4.20E+1","249.1079","4.50E+1"
"309.1321","2.50E+1","243.0409","1.12E+2","250.0339","2.20E+1"
"309.5096","3.30E+1","243.0754","2.40E+1","251.9973","2.10E+1"
"309.5814","2.20E+1","243.1331","1.01E+2","254.9974","5.30E+1"
"309.7089","3.90E+1","243.6234","2.20E+1","256.0502","5.00E+1"
"309.8234","1.37E+2","243.9502","2.30E+1","256.9943","3.00E+1"
"310.1675","7.60E+1","244.0924","3.00E+1","257.0702","8.10E+1"
"310.4065","4.10E+1","244.1241","2.30E+1","258.0402","2.20E+1"
"310.5704","3.50E+1","244.1609","2.70E+1","258.1277","2.60E+1"
"310.6923","2.10E+1","245.0056","4.80E+1","260.1062","1.19E+2"
"311.1225","3.30E+1","245.0322","4.70E+1","260.1334","6.40E+1"
"311.1663","4.90E+1","245.0711","2.20E+1","261.0035","2.10E+1"
"312.1114","2.50E+1","245.0957","1.33E+2","261.1008","7.78E+1"
"312.1481","2.00E+1","245.1536","3.20E+1","261.1241","3.69E+1"
"312.2044","2.10E+1","245.2055","3.30E+1","263.0569","2.00E+1"
"312.6005","2.90E+1","245.9829","2.00E+1","264.0499","3.60E+1"
"312.6565","2.10E+1","246.0973","2.40E+1","264.0794","9.30E+1"
"312.6835","2.40E+1","246.1794","2.30E+1","264.1391","2.30E+1"
"312.7342","4.00E+1","246.9659","2.00E+1","266.0404","2.10E+1"
"312.7629","2.20E+1","247.1281","5.30E+1","267.0656","2.30E+1"
"313.0721","5.10E+1","247.153","1.03E+2","267.0904","2.00E+1"
"313.1426","8.00E+1","247.5624","6.00E+1","267.1135","2.30E+1"
"313.4817","2.90E+1","247.6246","2.20E+1","268.1166","2.10E+1"
"313.6136","2.80E+1","247.972","2.20E+1","268.539","4.40E+1"
"313.6667","2.00E+1","248.0376","2.70E+1","269.1327","2.10E+1"
"313.7943","2.20E+1","248.1069","1.79E+2","273.0541","2.10E+1"
"314.4591","2.40E+1","248.1232","1.19E+2","273.1161","2.10E+1"
"314.5435","2.10E+1","248.1475","2.50E+1","273.8904","2.10E+1"
"314.5933","3.20E+1","248.6298","2.30E+1","274.1069","4.10E+1"
"314.8259","3.10E+1","249.0258","2.70E+1","277.0228","2.70E+1"
"315.1603","7.00E+1","249.1015","2.90E+1","280.1731","2.30E+1"
"315.2117","3.70E+1","249.1241","9.90E+1","281.0475","2.10E+1"
"315.5036","1.74E+2","249.6057","2.40E+1","282.1529","2.10E+1"
"315.584","4.90E+1","250.1201","2.40E+2","284.9635","2.20E+1"
"315.6237","2.20E+1","250.1558","2.50E+1","285.1297","5.30E+1"
"315.6699","2.70E+1","250.1815","2.30E+1","285.8365","2.00E+1"
"315.8264","1.57E+2","250.529","2.50E+1","287","2.30E+1"
"316.0035","2.30E+1","250.6425","2.40E+1","288.1588","2.50E+1"
"316.0908","2.20E+1","251.005","3.60E+1","288.9548","2.50E+1"
"316.1221","5.98E+1","251.0528","4.10E+1","291.1104","4.50E+1"
"316.1522","6.19E+1","251.111","1.06E+2","292.8858","2.10E+1"
"316.2419","1.01E+2","251.1404","3.20E+1","295.9554","3.70E+1"
"316.5495","2.30E+1","251.1517","3.80E+1","296.1609","2.50E+1"
"317.1008","6.50E+1","251.6711","2.20E+1","299.6273","3.30E+1"
"317.1532","2.70E+1","252.0478","2.50E+1","301.0988","3.00E+1"
"317.2006","2.50E+1","252.0864","2.30E+1","317.1011","2.10E+1"
"317.5432","3.10E+1","252.1198","5.59E+1","318.9748","2.60E+1"
"317.8136","2.90E+1","252.1369","2.35E+1","326.0916","4.90E+1"
"318.0614","5.60E+1","252.1924","6.40E+1","327.1016","2.10E+1"
"318.1364","7.00E+1","253.0301","2.80E+1","327.1453","2.40E+1"
"318.5157","2.80E+1","253.0644","2.20E+1","331.98","3.50E+1"
"318.5743","2.50E+1","253.0958","7.10E+1","333.0219","5.60E+1"
"318.6634","2.00E+1","253.1207","2.10E+1","334.1252","2.30E+1"
"318.6949","2.30E+1","253.1599","1.31E+2","342.0054","2.90E+1"
"318.8023","2.70E+1","253.6049","2.10E+1","343.0744","2.40E+1"
"318.833","2.40E+1","254.0215","2.50E+1","345.8124","4.60E+1"
"319.0902","6.20E+1","254.1032","2.80E+1","346.1118","3.10E+1"
"319.1474","4.35E+1","254.1421","4.90E+1","346.954","2.30E+1"
"319.1698","4.40E+1","254.6062","2.70E+1","349.0584","2.00E+1"
"319.4697","2.20E+1","254.8565","2.20E+1","354.112","2.40E+1"
"319.6278","1.26E+2","254.8956","5.20E+1","355.0868","2.70E+1"
"320.0299","2.20E+1","254.9883","3.20E+1","365.0173","2.10E+1"
"320.1192","8.60E+1","255.0817","1.21E+2","370.5546","2.70E+1"
"320.1639","7.60E+1","255.1315","4.72E+2","378.0413","2.40E+1"
"320.203","2.80E+1","255.1693","1.91E+2","379.1312","2.60E+1"
"320.4861","2.10E+1","255.636","2.30E+1","407.2796","5.00E+1"
"320.6317","2.20E+1","255.6784","2.20E+1","411.1009","2.90E+1"
"321.0735","7.30E+1","256.1046","4.84E+1","460.0473","4.70E+1"
"321.1338","8.86E+1","256.1338","4.70E+1","555.945","4.30E+1"
"321.1701","7.24E+1","256.1808","7.30E+1","578.6518","2.20E+1"
"321.451","3.67E+1","257.0493","6.70E+1","787.3947","2.10E+1"
"321.4772","6.30E+1","257.1277","4.38E+2","1039.3024","2.30E+1"
"321.8434","2.20E+1","257.1593","1.46E+2","",""
"321.8764","3.00E+1","257.1997","2.70E+1","",""
"322.1371","6.80E+1","257.2797","4.50E+1","",""
"322.1679","2.00E+1","258.0377","2.30E+1","",""
"322.4272","1.00E+2","258.1248","1.06E+2","",""
"322.6382","2.40E+1","258.1481","4.10E+1","",""
"322.6719","2.20E+1","259.0366","2.90E+1","",""
"323.1287","2.07E+1","259.0864","2.30E+1","",""
"323.1493","7.73E+1","259.1029","2.70E+1","",""
"323.2134","2.80E+1","259.1386","9.30E+1","",""
"323.4612","4.80E+1","260.1143","1.50E+2","",""
"323.7237","2.10E+1","260.1453","2.50E+1","",""
"324.0173","2.20E+1","260.614","3.20E+1","",""
"324.0854","9.29E+1","260.9978","3.17E+1","",""
"324.123","2.40E+1","261.0136","6.50E+1","",""
"324.1849","4.30E+1","261.0611","8.10E+1","",""
"324.2152","2.10E+1","261.0958","6.80E+1","",""
"324.4785","4.20E+1","261.1085","3.10E+1","",""
"324.6561","9.20E+1","261.1174","2.10E+1","",""
"324.7089","3.00E+1","261.1496","2.40E+1","",""
"324.7309","3.70E+1","261.6573","2.10E+1","",""
"324.8232","5.20E+1","261.8135","2.00E+1","",""
"324.9974","4.20E+1","262.1116","2.40E+1","",""
"325.0212","2.01E+1","262.1456","2.60E+1","",""
"325.1183","2.50E+1","262.5708","2.80E+1","",""
"325.1598","2.54E+2","262.8694","2.20E+1","",""
"325.2023","2.23E+1","263.028","6.20E+1","",""
"325.5364","3.50E+1","263.0665","7.77E+1","",""
"325.7031","7.80E+1","263.1279","1.02E+2","",""
"326.0806","8.93E+1","263.6641","2.10E+1","",""
"326.1068","8.38E+1","263.8332","2.40E+1","",""
"326.1559","2.20E+1","263.9637","2.20E+1","",""
"326.1851","5.30E+1","264.0401","2.10E+1","",""
"326.6165","2.00E+1","264.1057","7.70E+1","",""
"326.6593","2.50E+1","264.7521","2.20E+1","",""
"326.8347","2.40E+1","265.0479","5.10E+1","",""
"326.9739","6.11E+1","265.1013","2.00E+1","",""
"326.9939","2.02E+1","265.9832","3.20E+1","",""
"327.0581","4.50E+1","266.1169","2.60E+1","",""
"327.1335","8.07E+1","266.1438","7.20E+1","",""
"327.1673","7.03E+1","266.239","2.20E+1","",""
"327.2141","5.50E+1","266.991","2.30E+1","",""
"327.5262","4.66E+1","267.0217","5.00E+1","",""
"327.5501","2.02E+1","267.1027","7.57E+1","",""
"327.6875","3.10E+1","267.1455","7.68E+2","",""
"327.7971","2.60E+1","267.7273","2.50E+1","",""
"327.9863","4.24E+1","268.0246","2.10E+1","",""
"328.0149","8.12E+1","268.0816","4.40E+1","",""
"328.0321","3.17E+1","268.1365","2.96E+2","",""
"328.0396","2.93E+1","268.1671","3.20E+1","",""
"328.0706","8.00E+1","268.5425","2.80E+1","",""
"328.1076","3.20E+1","268.607","2.40E+1","",""
"328.185","4.20E+1","268.745","2.30E+1","",""
"328.563","4.90E+1","269.1284","6.30E+1","",""
"328.6453","6.50E+1","269.1683","8.30E+1","",""
"328.8664","2.60E+1","269.203","4.70E+1","",""
"328.8911","3.20E+1","269.5726","2.70E+1","",""
"329.0144","2.60E+1","269.6319","2.30E+1","",""
"329.0596","3.38E+2","269.6887","2.50E+1","",""
"329.1279","3.00E+1","269.961","2.40E+1","",""
"329.16","2.70E+1","270.0733","2.10E+1","",""
"329.3411","2.30E+1","270.1189","4.40E+1","",""
"329.549","2.40E+1","270.1492","2.20E+1","",""
"329.5717","3.10E+1","270.1637","2.30E+1","",""
"329.6466","3.40E+1","270.1735","2.40E+1","",""
"329.6786","2.30E+1","270.203","2.09E+2","",""
"329.8969","2.16E+1","270.6257","2.70E+1","",""
"329.9081","2.02E+1","270.9458","3.50E+1","",""
"329.9232","2.18E+1","271.1027","4.30E+1","",""
"329.9379","2.00E+1","271.1292","2.70E+1","",""
"329.9806","2.10E+1","271.1781","2.11E+2","",""
"330.0452","1.26E+2","271.1958","5.82E+1","",""
"330.1245","4.50E+1","271.2104","3.00E+1","",""
"330.1565","4.20E+1","271.9018","4.20E+1","",""
"330.407","4.70E+1","272.015","2.00E+1","",""
"330.5593","2.20E+1","272.0992","2.30E+1","",""
"330.6166","3.80E+1","272.5995","2.90E+1","",""
"330.8194","2.30E+1","272.6362","2.10E+1","",""
"331.0001","4.60E+1","272.8403","8.80E+1","",""
"331.1066","7.50E+1","273.1247","8.60E+1","",""
"331.1551","4.40E+1","273.1395","4.54E+1","",""
"331.1898","8.85E+1","273.1456","4.43E+1","",""
"331.2333","5.10E+1","273.2594","4.60E+1","",""
"331.5014","6.50E+1","273.6179","2.10E+1","",""
"331.7961","4.60E+1","274.125","7.40E+1","",""
"331.8243","2.00E+1","274.1818","6.82E+1","",""
"331.8875","2.40E+1","274.2227","3.90E+1","",""
"332.0027","4.20E+1","274.5681","2.30E+1","",""
"332.093","3.10E+1","274.5874","2.60E+1","",""
"332.123","3.40E+1","274.6931","3.10E+1","",""
"332.1949","2.20E+1","274.9592","2.10E+1","",""
"332.5902","2.10E+1","275.0398","4.00E+1","",""
"332.6206","2.50E+1","275.1544","2.70E+1","",""
"332.6565","2.10E+1","276.0959","2.20E+1","",""
"332.8103","2.40E+1","276.1257","2.60E+1","",""
"333.0673","2.20E+1","277.1116","1.94E+1","",""
"333.1269","2.60E+1","277.1294","4.73E+1","",""
"333.1512","7.80E+1","277.9301","2.30E+1","",""
"333.2124","5.10E+1","278.125","2.65E+2","",""
"333.492","2.40E+1","278.1806","4.90E+1","",""
"333.7727","2.10E+1","278.658","2.50E+1","",""
"334.1279","2.30E+1","278.964","2.80E+1","",""
"334.4964","5.40E+1","279.1153","5.60E+1","",""
"334.5686","2.60E+1","279.1462","7.20E+1","",""
"334.6502","3.30E+1","279.3702","2.40E+1","",""
"334.8233","9.80E+1","279.642","2.90E+1","",""
"335.1048","2.20E+1","280.0322","2.00E+1","",""
"335.4364","6.10E+1","280.115","2.70E+1","",""
"335.4682","4.50E+1","280.1453","2.00E+1","",""
"335.741","2.90E+1","281.0138","3.60E+1","",""
"336.1275","3.10E+1","281.0833","2.50E+1","",""
"336.1601","5.30E+1","281.1267","2.60E+1","",""
"336.6132","3.80E+1","281.2356","3.20E+1","",""
"336.6654","2.40E+1","281.4328","2.70E+1","",""
"336.6999","2.30E+1","281.457","2.40E+1","",""
"336.8005","2.20E+1","282.152","2.85E+1","",""
"337.1216","2.00E+1","282.1669","1.67E+2","",""
"337.4896","2.30E+1","282.2281","3.20E+1","",""
"337.5673","2.10E+1","282.4946","2.50E+1","",""
"337.6941","2.00E+1","283.0595","3.00E+1","",""
"337.7897","8.00E+1","283.0903","5.90E+1","",""
"337.8184","3.60E+1","283.1177","3.50E+1","",""
"338.0861","2.20E+1","283.1689","3.20E+1","",""
"338.1338","2.40E+1","283.4472","2.90E+1","",""
"338.1738","4.90E+1","283.6077","2.10E+1","",""
"338.1917","2.00E+1","283.9884","2.00E+1","",""
"338.3744","3.00E+1","284.0386","2.10E+1","",""
"338.697","7.60E+1","284.0614","4.40E+1","",""
"338.7861","5.00E+1","284.1099","2.04E+1","",""
"338.9524","2.90E+1","284.1308","4.99E+1","",""
"339.1084","4.30E+1","284.1522","2.00E+1","",""
"339.1495","6.70E+1","284.9953","2.20E+1","",""
"339.192","1.78E+2","285.0488","2.70E+1","",""
"339.395","5.80E+1","285.0662","4.62E+1","",""
"339.6401","5.40E+1","285.1056","7.97E+1","",""
"339.7102","2.00E+1","285.1307","3.30E+2","",""
"339.8275","5.70E+1","285.1604","2.50E+1","",""
"339.9886","3.70E+1","285.1876","2.00E+1","",""
"340.0342","3.50E+1","285.5052","2.40E+1","",""
"340.1566","5.50E+1","285.976","4.80E+1","",""
"340.1975","9.70E+1","286.5822","2.00E+1","",""
"340.232","3.50E+1","287.0521","2.50E+1","",""
"340.348","3.60E+1","287.0799","2.40E+1","",""
"340.5043","4.80E+1","287.1186","3.20E+1","",""
"340.6125","2.00E+1","287.1368","2.10E+1","",""
"340.6372","2.40E+1","287.1648","2.20E+1","",""
"340.6677","2.10E+1","287.2237","3.20E+1","",""
"340.7055","8.40E+1","287.6495","2.40E+1","",""
"340.7885","2.10E+1","287.9715","2.10E+1","",""
"340.823","8.30E+1","288.0527","2.10E+1","",""
"341.1267","5.00E+1","288.165","5.70E+1","",""
"341.1527","6.50E+1","288.2256","2.60E+1","",""
"341.1833","2.10E+1","289.0424","2.30E+1","",""
"341.2118","5.10E+1","289.1106","4.70E+1","",""
"341.2437","2.80E+1","289.1307","2.90E+1","",""
"341.2754","2.10E+1","289.5938","2.60E+1","",""
"341.4861","1.01E+2","289.6517","3.00E+1","",""
"341.5183","2.20E+1","289.6978","2.00E+1","",""
"341.6714","2.90E+1","289.7922","4.80E+1","",""
"341.6974","2.20E+1","289.8233","3.20E+1","",""
"341.7945","6.80E+1","290.0056","2.30E+1","",""
"341.8549","5.30E+1","290.0573","2.10E+1","",""
"341.9432","2.00E+1","290.1468","2.40E+1","",""
"342.2047","4.46E+2","290.6526","2.10E+1","",""
"342.2314","1.74E+2","291.1815","2.10E+1","",""
"342.5156","7.60E+1","292.0956","2.40E+1","",""
"342.6475","3.00E+1","292.1757","2.00E+1","",""
"342.6924","6.70E+1","292.572","2.30E+1","",""
"342.8105","2.40E+1","292.6901","3.20E+1","",""
"342.877","7.30E+1","292.8449","2.30E+1","",""
"343.0942","2.00E+1","293.018","2.70E+1","",""
"343.1264","5.00E+1","293.0857","1.25E+2","",""
"343.1666","7.80E+1","293.1259","2.50E+1","",""
"343.2185","9.90E+1","293.1487","2.00E+1","",""
"343.4717","2.60E+1","293.1754","9.51E+1","",""
"343.6433","3.10E+1","293.1971","2.29E+1","",""
"343.6917","3.00E+1","294.0425","2.00E+1","",""
"343.8368","2.40E+1","294.1716","8.10E+1","",""
"343.8938","5.10E+1","294.5618","2.00E+1","",""
"344.1181","6.20E+1","295.1322","7.10E+1","",""
"344.157","7.10E+1","295.1651","6.38E+1","",""
"344.1956","5.19E+1","295.3726","2.60E+1","",""
"344.2106","2.58E+1","295.3919","2.10E+1","",""
"344.2244","2.42E+1","295.6172","2.10E+1","",""
"344.4551","3.00E+1","296.0213","3.90E+1","",""
"344.5593","2.56E+1","296.0677","7.10E+1","",""
"344.5809","3.10E+1","296.1346","6.03E+2","",""
"344.6088","2.30E+1","296.1959","4.80E+1","",""
"344.6614","2.10E+1","296.2286","2.00E+1","",""
"344.6969","7.70E+1","297.108","1.05E+2","",""
"344.7654","2.80E+1","297.1449","8.20E+1","",""
"344.8179","4.50E+1","298.0558","2.20E+1","",""
"344.884","2.20E+1","298.0944","4.70E+1","",""
"344.9711","2.50E+1","298.144","2.30E+1","",""
"345.1869","6.57E+1","298.7096","4.90E+1","",""
"345.3172","4.50E+1","298.7341","2.40E+1","",""
"345.4738","2.40E+1","299.0209","2.10E+1","",""
"345.5052","2.20E+1","299.1254","5.10E+1","",""
"345.5807","3.10E+1","299.1844","2.50E+1","",""
"345.6331","7.30E+1","299.2109","7.05E+1","",""
"346.0822","2.60E+1","299.2407","3.40E+1","",""
"346.1353","1.48E+1","299.2658","2.10E+1","",""
"346.2302","2.50E+1","300.0172","3.40E+1","",""
"346.2582","3.10E+1","300.0799","5.60E+1","",""
"346.391","4.90E+1","300.1872","2.50E+1","",""
"346.6323","1.13E+2","300.6573","2.40E+1","",""
"346.6696","2.50E+1","301.1051","2.46E+1","",""
"346.7242","8.10E+1","301.1302","7.64E+1","",""
"346.8202","7.60E+1","301.6504","5.40E+1","",""
"347.0096","3.30E+1","301.9771","2.10E+1","",""
"347.1333","9.53E+0","302.0456","2.70E+1","",""
"347.1631","1.48E+1","302.1101","2.20E+1","",""
"347.1702","3.92E+1","302.1525","1.07E+2","",""
"347.1882","5.87E+1","303.0347","4.40E+1","",""
"347.4016","2.70E+1","303.0717","7.71E+1","",""
"347.463","8.30E+1","303.1136","2.50E+1","",""
"347.4946","1.79E+1","303.1511","7.98E+1","",""
"347.5239","1.16E+2","303.1745","2.42E+1","",""
"347.5741","4.46E+1","304.1019","3.80E+1","",""
"347.5855","2.35E+1","304.148","2.10E+1","",""
"347.5978","6.77E+1","304.1753","2.30E+1","",""
"347.6118","3.87E+1","304.1979","2.10E+1","",""
"347.6263","2.32E+1","304.9593","2.90E+1","",""
"347.6645","1.23E+2","305.0096","3.40E+1","",""
"347.6921","2.89E+1","305.0421","2.70E+1","",""
"347.7292","6.70E+1","305.1324","1.42E+2","",""
"347.8549","4.70E+1","305.6121","2.90E+1","",""
"347.9371","3.30E+1","306.0417","6.60E+1","",""
"348.0083","4.40E+1","306.0941","2.60E+1","",""
"348.0562","2.50E+1","306.1287","1.72E+2","",""
"348.1066","2.40E+1","306.1492","4.65E+1","",""
"348.1476","1.15E+2","306.9927","2.10E+1","",""
"348.4861","2.90E+1","307.1046","5.70E+1","",""
"348.5263","2.30E+1","307.1785","5.40E+1","",""
"348.5886","4.90E+1","307.6902","2.10E+1","",""
"348.6229","4.93E+1","308.0469","2.60E+1","",""
"348.6497","5.98E+1","308.1514","1.19E+2","",""
"348.6749","8.60E+1","308.1946","7.28E+1","",""
"348.7368","2.30E+1","309.0377","4.70E+1","",""
"348.8271","2.60E+1","309.122","1.98E+2","",""
"348.8639","2.20E+1","310.0209","2.10E+1","",""
"348.8965","2.20E+1","310.1223","3.35E+1","",""
"349.0723","5.90E+1","310.1382","8.10E+1","",""
"349.1365","3.16E+2","310.1682","1.09E+2","",""
"349.1936","6.26E+2","310.1959","6.24E+1","",""
"349.2333","2.19E+1","310.6765","4.80E+1","",""
"349.4246","2.60E+1","311.0268","2.80E+1","",""
"349.4711","2.80E+1","311.065","2.70E+1","",""
"349.5051","3.20E+1","311.1647","1.75E+2","",""
"349.5468","7.60E+1","312.0766","2.30E+1","",""
"349.6723","1.03E+2","312.1922","2.30E+1","",""
"349.7239","6.20E+1","312.3425","3.00E+1","",""
"349.7767","2.40E+1","312.613","2.10E+1","",""
"350.1101","7.87E+1","312.9098","2.10E+1","",""
"350.1424","2.63E+2","312.9623","2.20E+1","",""
"350.1794","1.34E+2","313.0679","2.50E+1","",""
"350.2169","1.23E+2","313.133","2.20E+1","",""
"350.4867","2.50E+1","313.1618","5.90E+1","",""
"350.5472","3.30E+1","313.2319","2.10E+1","",""
"350.613","4.20E+1","313.7129","7.10E+1","",""
"350.6563","6.50E+1","313.9815","2.30E+1","",""
"350.6729","2.43E+1","314.0773","2.40E+1","",""
"350.7006","2.00E+1","314.1063","2.26E+1","",""
"350.7324","3.40E+1","314.1253","5.95E+1","",""
"350.817","2.30E+1","314.2273","4.40E+1","",""
"350.8987","4.20E+1","315.0815","2.00E+1","",""
"350.9494","6.80E+1","315.1078","3.10E+1","",""
"350.9674","2.60E+1","315.1782","2.30E+1","",""
"351.0451","2.50E+1","315.6727","5.80E+1","",""
"351.0742","7.20E+1","316.1265","2.00E+1","",""
"351.097","4.90E+1","316.992","2.50E+1","",""
"351.1302","1.02E+2","317.1186","3.20E+1","",""
"351.1885","7.51E+1","318.1529","4.10E+1","",""
"351.475","2.90E+1","318.5969","3.20E+1","",""
"351.6307","2.10E+1","319.1301","4.30E+1","",""
"351.6575","5.00E+1","319.1896","2.60E+1","",""
"352.066","2.10E+1","319.5839","2.30E+1","",""
"352.093","7.40E+1","319.6183","2.70E+1","",""
"352.1202","6.33E+1","320.0433","3.30E+1","",""
"352.1536","4.78E+1","320.0791","2.10E+1","",""
"352.1815","2.06E+2","320.1452","4.70E+1","",""
"352.2097","2.65E+1","320.1679","3.08E+1","",""
"352.3266","2.30E+1","320.214","4.70E+1","",""
"352.4099","2.30E+1","321.0624","4.40E+1","",""
"352.6323","2.20E+1","321.1044","2.20E+1","",""
"352.6701","8.10E+1","321.163","3.60E+1","",""
"352.6997","2.70E+1","321.8471","2.10E+1","",""
"352.7289","2.20E+1","322.0446","6.10E+1","",""
"352.8625","3.10E+1","322.143","2.20E+1","",""
"353.0277","2.30E+1","322.1899","6.90E+1","",""
"353.1139","1.44E+2","322.9838","2.10E+1","",""
"353.1785","2.38E+2","323.0458","2.19E+1","",""
"353.239","2.67E+1","323.0749","6.50E+1","",""
"353.4612","6.88E+1","323.122","1.12E+2","",""
"353.479","2.14E+1","323.1429","1.76E+2","",""
"353.5316","7.30E+1","323.2168","2.20E+1","",""
"353.613","2.10E+1","323.2453","2.70E+1","",""
"353.684","4.98E+2","323.6409","2.10E+1","",""
"353.7226","2.88E+1","323.674","2.00E+1","",""
"353.7908","8.70E+1","324.051","1.99E+1","",""
"353.8419","2.10E+1","324.073","3.30E+1","",""
"353.9005","4.60E+1","324.1334","2.88E+2","",""
"354.0299","1.22E+2","324.185","2.29E+2","",""
"354.1052","7.80E+1","324.2326","9.66E+1","",""
"354.1562","1.01E+2","324.6732","2.90E+1","",""
"354.1982","2.28E+2","325.0116","2.20E+1","",""
"354.5603","5.40E+1","325.0775","5.20E+1","",""
"354.6084","4.50E+1","325.1179","8.60E+1","",""
"354.6397","2.30E+1","325.1538","6.40E+1","",""
"354.6796","6.70E+1","325.1927","2.50E+1","",""
"354.7078","2.94E+1","325.25","4.50E+1","",""
"354.7682","2.50E+1","325.6389","2.60E+1","",""
"354.8105","6.90E+1","326.0526","2.20E+1","",""
"354.8557","1.01E+2","326.1042","2.10E+1","",""
"355.0401","3.20E+1","326.1688","4.60E+1","",""
"355.1434","7.71E+1","327.0417","2.50E+1","",""
"355.1657","1.90E+2","327.0637","2.50E+1","",""
"355.2162","1.23E+2","327.099","2.20E+1","",""
"355.4728","2.50E+1","327.1324","1.03E+2","",""
"355.521","4.50E+1","327.2083","2.15E+1","",""
"355.6431","2.00E+1","327.2344","8.35E+1","",""
"355.7903","2.30E+1","328.01","2.01E+1","",""
"355.8657","1.40E+2","328.0317","4.09E+1","",""
"355.9022","2.46E+1","328.1208","2.40E+1","",""
"356.0241","3.50E+1","328.157","4.79E+1","",""
"356.1466","2.27E+1","328.1984","1.41E+2","",""
"356.4066","2.60E+1","329.002","2.40E+1","",""
"356.4435","3.77E+2","329.0902","2.30E+1","",""
"356.5194","1.68E+2","329.6297","2.40E+1","",""
"356.6241","6.60E+1","329.9966","2.40E+1","",""
"356.6507","4.70E+1","330.0262","3.41E+1","",""
"356.7088","2.10E+1","330.1021","2.40E+1","",""
"356.7728","1.39E+2","330.1479","2.20E+1","",""
"356.8009","5.09E+1","330.2227","4.30E+1","",""
"356.8344","2.04E+2","331.1668","6.30E+1","",""
"356.8599","9.10E+1","332.0516","2.30E+1","",""
"356.8951","9.50E+1","332.1203","2.20E+1","",""
"357.1705","1.29E+2","332.1698","2.30E+1","",""
"357.2045","9.21E+1","333.0314","6.30E+1","",""
"357.2572","3.90E+1","333.0589","2.92E+2","",""
"357.4338","4.50E+1","333.11","1.95E+1","",""
"357.4909","1.52E+2","333.1418","4.80E+1","",""
"357.5569","1.92E+2","333.1965","5.10E+1","",""
"357.8575","4.30E+1","334.0757","4.20E+1","",""
"357.8868","6.60E+1","334.1062","2.20E+1","",""
"358.0838","2.00E+1","335.1081","5.50E+1","",""
"358.1175","2.19E+1","335.1625","5.00E+1","",""
"358.1787","1.09E+2","335.2229","2.60E+1","",""
"358.2338","1.89E+1","336.1161","2.30E+1","",""
"358.4105","3.40E+1","336.1561","2.90E+1","",""
"358.461","2.10E+1","337.0971","2.60E+1","",""
"358.4795","2.40E+1","337.1431","8.70E+1","",""
"358.538","2.80E+1","337.1708","2.50E+1","",""
"358.5902","4.20E+1","338.0326","2.10E+1","",""
"358.6802","6.95E+1","338.0833","4.80E+1","",""
"358.6925","8.09E+1","338.1374","3.30E+1","",""
"358.7103","1.77E+2","338.174","6.60E+1","",""
"358.8528","2.10E+1","338.694","2.70E+1","",""
"358.8894","2.10E+1","339.037","2.10E+1","",""
"359.0817","3.30E+1","339.094","4.50E+1","",""
"359.1252","3.06E+1","339.1841","4.50E+1","",""
"359.1785","1.38E+2","339.215","2.40E+1","",""
"359.2146","7.32E+1","339.2434","2.20E+1","",""
"359.2289","1.51E+1","339.4","2.30E+1","",""
"359.2661","2.10E+1","339.4492","3.20E+1","",""
"359.2962","2.50E+1","340.069","2.30E+1","",""
"359.6015","3.80E+1","340.1821","2.50E+1","",""
"359.6462","2.10E+1","340.2459","3.00E+1","",""
"359.7104","3.21E+2","341.1504","3.90E+1","",""
"359.9102","2.10E+1","341.2628","6.10E+2","",""
"360.077","2.80E+1","342.0317","2.90E+1","",""
"360.1177","1.59E+0","342.0935","2.10E+1","",""
"360.152","1.38E+2","342.1515","1.33E+2","",""
"360.2101","7.37E+1","342.2091","2.20E+1","",""
"360.2205","1.06E+2","342.2596","5.12E+1","",""
"360.6018","2.20E+1","342.2782","2.67E+1","",""
"360.6346","3.70E+1","342.2907","1.29E+2","",""
"360.6812","2.50E+1","343.1628","9.50E+1","",""
"360.7145","2.13E+2","343.2244","3.00E+1","",""
"360.8127","2.60E+1","344.074","9.40E+1","",""
"360.912","2.20E+1","344.1685","8.10E+1","",""
"361.0699","4.50E+1","345.1027","4.90E+1","",""
"361.1206","2.08E+2","345.2174","5.10E+1","",""
"361.1501","1.09E+2","346.1688","2.00E+1","",""
"361.1763","1.68E+2","347.1307","2.30E+1","",""
"361.2126","7.04E+1","347.2233","2.60E+1","",""
"361.2317","1.21E+1","348.1229","4.20E+1","",""
"361.4448","2.40E+1","348.1544","2.10E+1","",""
"361.479","2.80E+1","348.2014","2.70E+1","",""
"361.5096","8.60E+1","349.2004","5.90E+1","",""
"361.5718","7.90E+1","349.2583","2.50E+1","",""
"361.6092","2.70E+1","349.9761","2.20E+1","",""
"361.6368","2.40E+1","350.1058","2.90E+1","",""
"361.6646","2.70E+1","350.1677","2.80E+1","",""
"361.6984","4.80E+1","351.0236","2.10E+1","",""
"361.7173","1.32E+2","351.0663","2.10E+1","",""
"361.844","2.50E+1","351.1337","1.74E+3","",""
"361.8929","6.10E+1","351.1844","3.20E+1","",""
"362.0814","2.00E+1","351.2106","2.70E+1","",""
"362.1849","1.87E+2","351.2906","5.50E+1","",""
"362.2149","1.30E+2","351.366","2.40E+1","",""
"362.5311","5.40E+2","351.554","3.20E+1","",""
"362.5839","2.40E+1","352.0926","2.60E+1","",""
"362.663","9.90E+1","352.1159","2.40E+1","",""
"362.6938","2.16E+2","352.1283","3.76E+1","",""
"362.7319","2.96E+1","352.1533","1.48E+2","",""
"362.8589","2.69E+2","352.1799","9.92E+1","",""
"362.8958","6.50E+1","353.1193","4.70E+1","",""
"362.9259","8.10E+1","353.257","2.20E+1","",""
"362.9713","2.70E+1","354.1242","4.20E+1","",""
"363.0994","2.50E+1","354.1522","2.10E+1","",""
"363.1275","1.58E+1","354.1865","5.30E+1","",""
"363.16","2.02E+1","354.2127","3.60E+1","",""
"363.1953","5.55E+1","354.7326","2.50E+1","",""
"363.2412","6.59E+1","355.1262","2.60E+1","",""
"363.5245","6.80E+1","355.1848","2.20E+1","",""
"363.5494","1.72E+2","355.2723","3.00E+1","",""
"363.6439","2.90E+1","356.2132","2.10E+1","",""
"363.6672","2.10E+1","356.2589","3.80E+1","",""
"363.7702","3.70E+1","356.5606","2.10E+1","",""
"363.8058","7.40E+1","357.243","2.40E+1","",""
"363.8582","2.40E+1","357.3376","2.50E+1","",""
"363.9139","3.00E+1","357.5842","2.20E+1","",""
"364.136","3.10E+1","358.1642","2.30E+1","",""
"364.1734","2.05E+1","358.5144","2.10E+1","",""
"364.2029","9.10E+1","359.1275","2.60E+1","",""
"364.494","4.60E+1","359.1496","2.24E+1","",""
"364.8945","2.00E+1","359.1831","2.40E+1","",""
"365.0864","2.20E+1","360.1633","4.50E+1","",""
"365.1438","2.70E+1","360.6647","2.90E+1","",""
"365.1978","5.33E+0","361.1522","4.70E+1","",""
"365.4868","7.40E+1","361.6368","3.20E+1","",""
"365.5373","3.70E+1","361.7439","2.40E+1","",""
"365.6503","3.00E+1","361.9492","2.10E+1","",""
"365.9095","3.60E+1","362.0226","3.30E+1","",""
"366.1869","1.55E+1","362.1785","5.10E+1","",""
"366.5449","2.70E+1","363.0511","2.10E+1","",""
"366.6328","3.10E+1","363.1628","2.20E+1","",""
"366.7276","5.91E+1","363.194","2.20E+1","",""
"366.7486","2.03E+1","363.2192","2.00E+1","",""
"366.7965","2.40E+1","364.1305","2.10E+1","",""
"367.0615","3.09E+1","364.1654","4.70E+1","",""
"367.0779","5.79E+1","365.0889","7.10E+1","",""
"367.1178","2.38E+2","365.1459","2.70E+1","",""
"367.2029","5.88E+3","365.2185","2.00E+1","",""
"367.4641","2.10E+1","366.096","3.60E+1","",""
"367.5022","1.52E+2","366.2094","3.40E+1","",""
"367.5342","6.30E+1","367.1548","2.10E+1","",""
"367.5715","8.70E+1","367.1894","1.07E+2","",""
"367.61","1.60E+2","367.2458","2.27E+1","",""
"367.6442","2.32E+2","367.2723","3.00E+1","",""
"367.6891","4.38E+2","367.7092","2.90E+1","",""
"367.7126","1.36E+3","368.049","2.20E+1","",""
"367.7389","5.16E+2","368.0843","2.20E+1","",""
"367.8089","9.60E+1","368.1313","2.00E+1","",""
"367.8397","7.46E+1","368.2151","4.47E+2","",""
"367.8781","9.25E+1","368.2506","2.40E+1","",""
"367.9027","1.49E+2","368.4138","3.60E+1","",""
"367.9741","5.90E+1","369.0313","1.86E+2","",""
"368.023","2.22E+1","369.0734","3.81E+1","",""
"368.04","8.55E+1","369.0942","4.60E+1","",""
"368.0852","1.16E+2","369.1498","6.72E+1","",""
"368.1607","7.75E+3","369.1653","7.10E+1","",""
"368.2167","2.54E+3","369.2065","9.14E+1","",""
"368.2802","3.50E+1","369.2486","9.00E+1","",""
"368.3848","5.70E+1","369.265","4.72E+1","",""
"368.4639","4.80E+1","369.9897","2.30E+1","",""
"368.5005","1.43E+2","370.1147","2.07E+1","",""
"368.5375","4.62E+2","370.1426","1.97E+2","",""
"368.5743","1.41E+2","370.1769","6.80E+1","",""
"368.618","1.99E+2","370.2103","5.10E+1","",""
"368.7189","1.64E+3","370.2564","9.40E+1","",""
"368.8137","2.03E+2","370.4632","2.10E+1","",""
"368.8685","9.01E+2","371.109","4.19E+1","",""
"368.9344","5.30E+1","371.1477","1.77E+2","",""
"369.009","5.00E+1","371.2001","2.43E+1","",""
"369.0562","1.35E+2","371.23","1.21E+2","",""
"369.0828","2.16E+2","371.2578","1.01E+2","",""
"369.1146","3.75E+2","371.2921","2.10E+1","",""
"369.1566","1.79E+3","372.036","2.90E+1","",""
"369.2059","2.55E+3","372.0674","2.60E+1","",""
"369.2704","1.26E+2","372.0932","7.10E+1","",""
"369.4914","7.20E+1","372.1124","2.77E+1","",""
"369.5391","4.89E+2","372.1636","5.18E+2","",""
"369.5696","2.00E+2","372.2252","1.55E+2","",""
"369.6097","9.79E+1","372.5721","4.40E+1","",""
"369.6257","1.31E+2","373.1736","2.25E+1","",""
"369.6566","2.77E+2","373.1847","2.43E+1","",""
"369.7046","1.92E+3","373.2029","6.50E+1","",""
"369.778","2.30E+1","374.0867","2.60E+1","",""
"369.8205","1.34E+2","374.1949","2.80E+1","",""
"369.8753","1.28E+2","375.1676","2.80E+1","",""
"369.9029","1.13E+2","376.1184","4.50E+1","",""
"369.9472","2.20E+1","376.2494","2.10E+1","",""
"370.0107","1.13E+2","379.152","3.00E+1","",""
"370.0595","1.49E+2","379.1788","2.09E+1","",""
"370.0966","9.77E+1","379.2238","2.20E+1","",""
"370.1738","4.85E+4","380.1035","3.10E+1","",""
"370.2468","1.17E+3","380.13","5.20E+1","",""
"370.2932","9.89E+1","380.1594","7.92E+1","",""
"370.3523","6.20E+1","380.1964","2.30E+1","",""
"370.4394","2.10E+1","380.2568","1.00E+2","",""
"370.4671","3.20E+1","380.9076","3.00E+1","",""
"370.4964","3.43E+1","381.1615","6.80E+1","",""
"370.538","3.15E+2","382.1198","2.10E+1","",""
"370.5626","9.80E+1","382.1356","2.10E+1","",""
"370.5992","6.58E+1","382.1606","4.40E+1","",""
"370.6252","1.32E+2","382.2063","2.10E+1","",""
"370.6608","4.17E+2","383.1336","8.20E+1","",""
"370.6891","6.02E+2","383.1873","6.60E+1","",""
"370.7361","1.28E+3","383.2581","4.30E+1","",""
"370.8286","2.91E+1","384.0784","2.50E+1","",""
"370.8565","1.98E+2","384.1929","3.70E+1","",""
"370.8949","2.83E+2","384.2192","2.60E+1","",""
"371.0146","8.20E+1","384.2765","2.10E+1","",""
"371.0616","5.81E+1","385.2412","2.08E+2","",""
"371.0914","3.35E+2","385.2789","2.40E+1","",""
"371.1782","9.71E+3","386.1238","2.50E+1","",""
"371.238","1.93E+3","386.2189","2.10E+1","",""
"371.3613","6.60E+1","387.1328","2.20E+1","",""
"371.4098","3.90E+1","387.2058","6.80E+1","",""
"371.4796","7.40E+1","387.2609","1.70E+2","",""
"371.5429","3.47E+2","388.2257","5.50E+1","",""
"371.5805","2.42E+1","389.2401","4.55E+1","",""
"371.6126","5.59E+1","389.2599","1.82E+1","",""
"371.646","1.20E+2","390.1359","2.30E+1","",""
"371.6838","3.40E+2","390.193","2.00E+1","",""
"371.7014","2.80E+2","390.7567","2.80E+1","",""
"371.7205","7.12E+2","392.6971","2.10E+1","",""
"371.7729","1.01E+2","393.2343","2.10E+1","",""
"371.8099","2.30E+1","394.0971","2.20E+1","",""
"371.838","4.24E+1","394.2125","2.30E+1","",""
"371.8707","2.37E+2","395.0694","3.10E+1","",""
"371.9025","3.32E+1","395.2102","3.70E+1","",""
"372.0049","3.00E+1","395.2591","2.30E+1","",""
"372.0615","5.50E+1","396.1623","4.30E+1","",""
"372.0959","8.60E+1","396.2324","2.20E+1","",""
"372.112","7.71E+1","396.803","2.00E+1","",""
"372.181","1.21E+3","397.1577","2.20E+1","",""
"372.2469","4.37E+2","397.1853","2.30E+1","",""
"372.7305","7.20E+1","397.707","2.10E+1","",""
"373.062","4.10E+1","398.1647","2.54E+2","",""
"373.1873","2.10E+1","398.2283","1.00E+2","",""
"373.2088","2.70E+1","398.2659","2.70E+1","",""
"373.2581","2.50E+1","399.1353","2.10E+1","",""
"374.1929","5.10E+1","399.1623","2.90E+1","",""
"374.3324","6.50E+1","399.1886","2.30E+1","",""
"375.4915","4.20E+1","399.2335","2.20E+1","",""
"376.2954","2.10E+1","399.2631","2.80E+1","",""
"376.4525","2.50E+1","400.0808","2.50E+1","",""
"377.5893","2.10E+1","400.1692","2.50E+1","",""
"378.1981","2.10E+1","400.1944","4.50E+1","",""
"378.6755","2.20E+1","401.1558","4.90E+1","",""
"379.7328","2.10E+1","401.2399","6.50E+1","",""
"380.125","2.60E+1","401.6263","3.20E+1","",""
"380.625","2.10E+1","401.7471","2.40E+1","",""
"380.6908","4.20E+1","403.2049","3.20E+1","",""
"381.1678","2.30E+1","403.2274","2.43E+1","",""
"381.1843","4.92E+1","405.1316","2.20E+1","",""
"381.446","2.20E+1","405.2312","2.50E+1","",""
"382.2378","2.10E+1","405.7531","2.10E+1","",""
"382.2665","2.30E+1","407.14","2.00E+1","",""
"382.5546","2.30E+1","407.187","6.10E+1","",""
"382.6458","1.11E+2","407.2298","2.10E+1","",""
"382.8424","2.60E+1","408.0935","2.00E+1","",""
"383.118","2.40E+1","408.2128","2.60E+1","",""
"383.2001","2.10E+1","408.2446","2.50E+1","",""
"383.2299","5.40E+1","409.1525","2.10E+1","",""
"383.4867","2.20E+1","409.2177","2.30E+1","",""
"384.132","2.50E+1","410.2406","5.10E+1","",""
"384.8797","2.90E+1","410.2856","2.30E+1","",""
"386.0217","2.80E+1","410.6818","2.60E+1","",""
"386.0955","2.70E+1","411.0508","2.90E+1","",""
"386.7688","2.40E+1","411.1461","6.00E+1","",""
"387.2456","2.70E+1","411.1774","2.60E+1","",""
"388.1664","2.00E+1","411.2146","4.80E+1","",""
"388.2614","2.40E+1","412.2332","1.03E+2","",""
"388.4381","2.00E+1","412.5722","4.30E+1","",""
"389.6329","2.00E+1","413.1733","2.00E+1","",""
"389.7013","2.50E+1","413.216","3.20E+1","",""
"391.2417","2.10E+1","413.2383","2.40E+1","",""
"392.0478","2.90E+1","413.3302","5.80E+1","",""
"392.1144","4.50E+1","414.264","4.50E+1","",""
"394.1467","5.00E+1","415.1814","1.40E+2","",""
"395.1237","2.20E+1","415.2156","5.18E+1","",""
"395.2172","2.60E+1","416.1793","3.20E+1","",""
"396.7056","2.20E+1","416.2331","4.44E+1","",""
"397.2127","6.70E+1","416.2681","5.50E+1","",""
"397.6353","2.30E+1","417.1913","2.30E+1","",""
"398.1918","1.52E+2","418.1572","2.10E+1","",""
"398.2263","4.45E+1","421.1364","4.00E+1","",""
"398.2557","2.28E+1","421.1822","2.40E+1","",""
"398.6425","2.70E+1","422.1345","2.10E+1","",""
"398.6951","3.30E+1","422.1969","3.50E+1","",""
"399.0732","2.70E+1","422.2345","2.30E+1","",""
"399.1277","2.10E+1","423.1801","3.20E+1","",""
"399.2132","9.00E+1","424.195","2.30E+1","",""
"400.2177","3.00E+1","425.2533","2.50E+1","",""
"400.8013","2.70E+1","426.1245","3.40E+1","",""
"401.0586","2.20E+1","426.1933","8.12E+1","",""
"401.0907","2.50E+1","426.21","2.30E+1","",""
"401.3077","2.30E+1","426.7221","2.50E+1","",""
"402.1195","2.30E+1","427.1778","3.50E+1","",""
"402.1958","2.10E+1","427.2187","7.30E+1","",""
"402.654","2.90E+1","428.0534","3.40E+1","",""
"402.904","4.70E+1","428.152","2.10E+1","",""
"403.1478","2.30E+1","428.1967","2.10E+1","",""
"403.1989","3.50E+1","429.1637","5.00E+1","",""
"403.2213","2.70E+1","429.1939","2.00E+1","",""
"404.197","6.80E+1","429.2564","2.30E+1","",""
"404.2361","2.40E+1","430.067","3.50E+1","",""
"404.5691","4.80E+1","430.1114","2.40E+1","",""
"405.0408","2.40E+1","430.184","7.40E+1","",""
"405.5891","4.20E+1","430.2263","2.10E+1","",""
"405.7179","5.70E+1","430.2629","2.00E+1","",""
"406.1744","2.90E+1","430.2864","2.70E+1","",""
"407.653","3.50E+1","431.0901","2.00E+1","",""
"408.251","2.70E+1","431.1511","2.70E+1","",""
"408.8709","2.70E+1","431.2003","2.20E+1","",""
"409.5355","2.20E+1","431.2674","2.20E+1","",""
"409.7506","2.90E+1","432.6267","3.30E+1","",""
"410.2406","2.20E+1","433.1276","4.70E+1","",""
"410.6103","2.10E+1","433.2392","2.70E+1","",""
"410.7387","5.50E+1","434.1849","2.20E+1","",""
"411.5548","2.70E+1","435.2428","2.00E+1","",""
"411.6458","4.80E+1","435.287","4.90E+1","",""
"412.1897","2.00E+1","436.1762","2.20E+1","",""
"413.2323","2.90E+1","437.1463","2.10E+1","",""
"413.7176","3.50E+1","437.2152","2.90E+1","",""
"413.7506","5.30E+1","437.2438","2.70E+1","",""
"414.2383","2.40E+1","437.2811","2.50E+1","",""
"414.2858","6.10E+1","438.0919","2.40E+1","",""
"414.5259","2.50E+1","438.1734","2.10E+1","",""
"416.1264","2.10E+1","439.0527","2.10E+1","",""
"417.2737","3.70E+1","439.1016","2.00E+1","",""
"418.2892","2.50E+1","439.1712","1.14E+2","",""
"419.1957","2.40E+1","439.6722","2.20E+1","",""
"419.9532","2.50E+1","440.1185","3.20E+1","",""
"421.0143","2.90E+1","440.1446","2.60E+1","",""
"421.222","2.20E+1","440.1886","8.90E+1","",""
"421.5488","3.80E+1","441.1873","4.10E+1","",""
"421.8791","3.20E+1","442.2556","5.18E+1","",""
"422.1201","2.30E+1","442.2807","1.34E+2","",""
"422.2176","5.60E+1","443.1944","2.40E+1","",""
"422.5111","4.30E+1","443.2961","2.10E+1","",""
"422.7043","2.80E+1","444.2212","6.20E+1","",""
"422.725","6.43E+1","445.6543","3.30E+1","",""
"422.753","2.29E+1","447.2353","2.30E+1","",""
"422.8589","5.20E+1","448.2682","1.07E+2","",""
"423.2219","4.90E+1","449.0497","2.70E+1","",""
"423.2735","5.60E+1","449.0804","2.30E+1","",""
"423.5128","2.80E+1","449.1237","2.20E+1","",""
"423.6589","3.10E+1","449.2259","2.10E+1","",""
"423.7327","2.70E+1","451.2571","2.10E+1","",""
"424.1575","3.80E+1","451.5747","2.30E+1","",""
"424.2746","4.40E+1","452.1033","2.30E+1","",""
"425.6786","3.70E+1","452.1638","2.60E+1","",""
"426.242","4.20E+1","452.2699","4.60E+1","",""
"428.2599","2.30E+1","453.3082","4.70E+1","",""
"428.4935","3.20E+1","454.1918","7.20E+1","",""
"428.6329","3.20E+1","455.2084","8.20E+1","",""
"428.8376","2.10E+1","456.153","2.40E+1","",""
"429.1371","6.70E+1","456.2125","2.30E+1","",""
"429.206","2.60E+1","457.1679","1.07E+2","",""
"429.6604","3.50E+1","457.9807","2.50E+1","",""
"430.1547","4.30E+1","458.0031","2.20E+1","",""
"430.1862","2.08E+1","458.1867","5.90E+1","",""
"430.2556","5.80E+1","460.1108","2.00E+1","",""
"430.2712","2.60E+1","460.243","6.80E+1","",""
"430.2877","2.70E+1","461.2358","3.00E+1","",""
"430.7537","6.80E+1","462.2048","7.40E+1","",""
"431.3293","2.80E+1","462.2545","2.50E+1","",""
"431.5706","3.50E+1","463.251","2.40E+1","",""
"433.1547","9.80E+1","463.2769","2.90E+1","",""
"433.735","2.20E+1","464.0789","2.00E+1","",""
"433.8828","2.60E+1","464.245","2.70E+1","",""
"434.6783","3.50E+1","464.2896","2.10E+1","",""
"435.1142","3.10E+1","464.9372","2.40E+1","",""
"435.1413","2.40E+1","465.1805","1.22E+2","",""
"435.7813","2.70E+1","466.3665","2.30E+1","",""
"436.2014","2.10E+1","466.9757","3.40E+1","",""
"436.2216","2.50E+1","467.2336","4.10E+1","",""
"437.1701","9.20E+1","467.2728","2.60E+1","",""
"437.2618","2.10E+1","468.2369","4.20E+1","",""
"437.5357","3.50E+1","468.3004","9.90E+1","",""
"437.7775","2.20E+1","470.1353","2.10E+1","",""
"437.9573","2.00E+1","470.6265","4.00E+1","",""
"438.2695","9.90E+1","471.2549","2.10E+1","",""
"438.6225","2.40E+1","472.2253","7.50E+1","",""
"438.664","2.10E+1","472.3583","2.00E+1","",""
"438.7644","2.60E+1","473.225","5.10E+1","",""
"439.2427","2.20E+1","473.2756","2.40E+1","",""
"439.7446","2.10E+1","473.9973","2.10E+1","",""
"440.2077","2.20E+1","474.2363","2.10E+1","",""
"440.6827","2.10E+1","474.2692","3.60E+1","",""
"440.7207","2.10E+1","476.0638","2.40E+1","",""
"441.1414","2.60E+1","477.0903","2.30E+1","",""
"441.1791","4.70E+1","477.1363","3.40E+1","",""
"441.2481","2.50E+1","477.3255","4.20E+1","",""
"442.2192","7.60E+1","480.1483","2.70E+1","",""
"442.2765","4.09E+2","480.2363","2.20E+1","",""
"442.9262","2.20E+1","480.2791","2.50E+1","",""
"443.0761","2.50E+1","481.3067","7.10E+1","",""
"443.2708","1.60E+2","482.1813","1.92E+1","",""
"443.2881","5.56E+1","482.2151","7.52E+1","",""
"443.3056","5.12E+1","482.2749","7.80E+1","",""
"443.9221","2.90E+1","482.5016","3.60E+1","",""
"444.2597","2.40E+1","483.2065","2.60E+1","",""
"444.3215","2.00E+1","483.3098","4.80E+1","",""
"444.6531","2.00E+1","483.3756","5.10E+1","",""
"444.9275","3.50E+1","484.1887","2.20E+1","",""
"445.1669","4.50E+1","484.3058","3.00E+1","",""
"445.6502","2.80E+1","487.1271","2.70E+1","",""
"446.2256","3.20E+1","487.2065","2.90E+1","",""
"446.7506","3.40E+1","487.2957","2.50E+1","",""
"447.2314","2.20E+1","488.1063","8.30E+1","",""
"447.2754","5.60E+1","490.217","2.50E+1","",""
"447.5454","2.40E+1","492.218","2.10E+1","",""
"447.7267","2.10E+1","493.0916","2.10E+1","",""
"447.7483","2.10E+1","493.2602","4.10E+1","",""
"448.1466","4.30E+1","493.2943","2.10E+1","",""
"448.2589","3.10E+1","494.1443","2.20E+1","",""
"448.7148","2.80E+1","494.2347","4.10E+1","",""
"449.1825","2.10E+1","494.3015","2.70E+1","",""
"449.6063","5.20E+1","495.3316","8.90E+1","",""
"450.1565","4.30E+1","495.7737","2.50E+1","",""
"450.2162","2.80E+1","496.1137","2.20E+1","",""
"450.2594","3.20E+1","496.2506","4.10E+1","",""
"450.7217","5.20E+1","496.3788","2.10E+1","",""
"450.7452","3.40E+1","497.0534","2.60E+1","",""
"450.7909","2.20E+1","498.3446","2.10E+1","",""
"451.22","5.00E+1","499.1096","2.60E+1","",""
"451.2549","2.89E+1","499.33","2.50E+1","",""
"451.5473","2.10E+1","499.5065","2.30E+1","",""
"452.2242","2.60E+1","500.2292","2.13E+2","",""
"452.9017","2.30E+1","500.2918","5.90E+1","",""
"452.9538","2.40E+1","501.0991","2.30E+1","",""
"453.2556","8.20E+1","501.2212","4.40E+1","",""
"453.7745","2.20E+1","502.2059","2.20E+1","",""
"454.2735","6.60E+1","502.2469","2.50E+1","",""
"454.5435","2.20E+1","502.3027","2.10E+1","",""
"454.741","6.80E+1","503.0984","3.00E+1","",""
"455.2231","2.30E+1","503.2141","2.10E+1","",""
"455.8787","3.50E+1","505.1102","2.40E+1","",""
"456.2275","2.20E+1","506.0233","2.70E+1","",""
"456.2812","2.10E+1","509.2736","4.40E+1","",""
"456.7138","2.10E+1","511.109","2.30E+1","",""
"456.7506","2.30E+1","511.1715","2.60E+1","",""
"457.1935","2.50E+1","511.2579","6.40E+1","",""
"457.6575","4.90E+1","511.3117","2.20E+1","",""
"457.6894","2.50E+1","511.3636","4.10E+1","",""
"458.2792","4.40E+1","514.2294","2.50E+1","",""
"458.3157","2.30E+1","514.3344","2.30E+1","",""
"458.6025","3.60E+1","515.2768","2.40E+1","",""
"459.1753","2.70E+1","516.2859","2.20E+1","",""
"459.2969","1.04E+2","516.3279","3.10E+1","",""
"459.6979","2.50E+1","516.7058","3.50E+1","",""
"460.1967","2.10E+1","517.2532","4.50E+1","",""
"460.4747","2.20E+1","518.3132","6.20E+1","",""
"461.2081","3.80E+1","519.1776","2.90E+1","",""
"461.9518","2.20E+1","519.2948","2.50E+1","",""
"462.171","2.30E+1","520.2398","2.40E+1","",""
"462.2397","2.50E+1","521.1229","3.10E+1","",""
"462.5996","2.59E+1","521.1962","2.30E+1","",""
"462.6289","2.39E+1","523.1226","2.30E+1","",""
"462.7328","2.20E+1","525.2305","5.10E+1","",""
"462.8028","3.40E+1","525.2535","2.30E+1","",""
"463.1188","4.80E+1","528.1546","2.50E+1","",""
"463.1977","3.00E+1","529.1797","2.20E+1","",""
"463.2316","2.00E+1","529.347","2.20E+1","",""
"463.2511","2.50E+1","531.2967","2.40E+1","",""
"463.2983","2.00E+1","534.2672","8.70E+1","",""
"463.7236","2.60E+1","537.3204","2.21E+1","",""
"464.1797","2.20E+1","537.3549","1.02E+2","",""
"464.2274","2.10E+1","539.3086","2.50E+1","",""
"464.2762","2.30E+1","539.3835","2.30E+1","",""
"464.7014","2.40E+1","545.3357","6.70E+1","",""
"464.762","3.60E+1","546.2239","4.70E+1","",""
"465.1712","4.40E+1","548.1675","2.10E+1","",""
"465.4673","2.30E+1","548.2308","7.90E+1","",""
"466.1816","2.90E+1","548.2684","2.40E+1","",""
"466.211","2.30E+1","550.2841","2.58E+1","",""
"466.2535","5.00E+1","550.3212","5.70E+1","",""
"467.766","3.40E+1","551.3411","6.20E+1","",""
"468.2365","2.10E+1","552.3167","2.50E+1","",""
"468.2753","4.50E+1","555.3312","6.90E+1","",""
"468.7292","2.10E+1","556.1775","2.20E+1","",""
"469.2658","3.40E+1","558.3507","2.50E+1","",""
"469.6756","3.40E+1","559.2361","2.90E+1","",""
"470.1354","3.40E+1","559.2625","2.00E+1","",""
"470.3229","2.30E+1","560.2574","2.00E+1","",""
"470.6624","3.80E+1","561.2734","2.10E+1","",""
"470.8252","2.60E+1","561.3096","2.00E+1","",""
"471.1592","3.20E+1","562.6718","4.90E+1","",""
"471.2946","2.30E+1","562.7921","3.20E+1","",""
"472.212","2.30E+1","563.3492","4.80E+1","",""
"472.7463","2.05E+2","566.1154","2.30E+1","",""
"473.2231","7.78E+1","566.383","3.20E+1","",""
"473.2436","5.82E+1","567.4612","2.60E+1","",""
"473.2613","6.29E+1","569.2762","2.10E+1","",""
"473.296","2.50E+1","571.2955","2.10E+1","",""
"473.3368","3.30E+1","574.277","2.00E+1","",""
"473.7731","3.00E+1","575.2467","2.40E+1","",""
"473.8617","2.10E+1","575.3632","2.80E+1","",""
"474.2579","2.10E+1","576.2858","2.20E+1","",""
"474.2767","2.60E+1","577.3048","4.10E+1","",""
"474.323","2.40E+1","578.2579","2.30E+1","",""
"475.6606","2.30E+1","579.3511","2.20E+1","",""
"476.2923","2.60E+1","579.776","4.70E+1","",""
"476.7279","2.30E+1","580.2385","2.50E+1","",""
"476.8127","2.10E+1","580.8633","3.90E+1","",""
"477.1804","2.90E+1","584.2639","2.50E+1","",""
"477.2036","2.20E+1","584.2955","2.80E+1","",""
"477.3048","4.40E+1","585.2479","2.40E+1","",""
"477.6611","2.50E+1","586.2188","2.60E+1","",""
"477.7198","7.23E+1","588.4115","2.10E+1","",""
"477.742","5.36E+1","589.3955","3.60E+1","",""
"477.7564","6.00E+1","594.3875","2.10E+1","",""
"478.1075","2.60E+1","595.2756","4.20E+1","",""
"478.2298","1.46E+2","596.3586","2.80E+1","",""
"478.6322","8.80E+1","596.4036","2.09E+1","",""
"478.7312","1.31E+2","596.4393","4.61E+1","",""
"478.7574","2.12E+1","597.4343","2.20E+1","",""
"478.8104","2.80E+1","599.4038","2.10E+1","",""
"479.2277","2.60E+1","602.2776","2.20E+1","",""
"480.7027","5.30E+1","605.3745","2.10E+1","",""
"481.2519","4.90E+1","606.342","5.20E+1","",""
"481.7617","2.50E+1","608.3506","1.06E+2","",""
"482.7834","6.20E+1","609.2739","1.08E+2","",""
"483.2714","3.14E+1","611.4002","2.00E+1","",""
"483.3019","3.30E+1","612.3286","2.20E+1","",""
"484.7322","3.60E+1","612.3995","2.10E+1","",""
"485.2625","2.20E+1","613.3203","2.20E+1","",""
"485.3458","3.70E+1","614.304","6.50E+1","",""
"486.2372","2.70E+1","619.1465","2.80E+1","",""
"486.7447","1.44E+3","619.2902","4.10E+1","",""
"487.1853","3.10E+1","619.3427","3.20E+1","",""
"487.2389","7.99E+2","620.2906","1.25E+2","",""
"487.6525","2.50E+1","620.3276","3.02E+1","",""
"487.7222","2.60E+1","620.3925","4.50E+1","",""
"487.7607","7.60E+1","621.2571","6.00E+1","",""
"488.1729","2.30E+1","622.2338","2.40E+1","",""
"488.2487","7.60E+1","626.3465","2.30E+1","",""
"488.3101","1.10E+2","626.4263","5.50E+1","",""
"488.7414","2.10E+1","628.4305","2.30E+1","",""
"489.268","1.28E+2","630.294","2.20E+1","",""
"489.3141","7.70E+1","634.3362","4.70E+1","",""
"489.803","3.30E+1","634.4048","2.20E+1","",""
"490.2186","2.50E+1","635.2968","2.10E+1","",""
"490.2484","2.02E+1","635.3421","2.20E+1","",""
"491.296","2.20E+1","636.3997","5.20E+1","",""
"491.9122","2.80E+1","637.3558","4.40E+1","",""
"492.2534","2.80E+1","637.4045","5.30E+1","",""
"492.3022","5.90E+1","639.2134","2.20E+1","",""
"493.1992","2.90E+1","640.3091","2.20E+1","",""
"493.7525","2.20E+1","642.4058","2.20E+1","",""
"494.2671","4.46E+1","646.3945","2.10E+1","",""
"494.2941","6.77E+1","652.2491","2.40E+1","",""
"494.6783","2.50E+1","654.4113","2.40E+1","",""
"494.7486","2.30E+1","655.4308","3.10E+1","",""
"495.1856","2.10E+1","664.4102","2.50E+1","",""
"495.2919","4.20E+1","665.3218","2.30E+1","",""
"495.6775","4.70E+1","672.7984","2.30E+1","",""
"496.1016","2.10E+1","679.4598","2.70E+1","",""
"496.2337","3.30E+1","685.6584","2.40E+1","",""
"496.2562","6.07E+1","699.2855","2.30E+1","",""
"496.3089","2.00E+1","721.3377","4.60E+1","",""
"496.7511","1.56E+2","727.346","2.70E+1","",""
"497.2549","2.20E+1","736.4871","2.40E+1","",""
"497.3305","2.10E+1","738.3383","5.10E+1","",""
"497.5416","2.10E+1","748.416","2.00E+1","",""
"497.7401","2.10E+1","751.4168","2.10E+1","",""
"497.8062","2.20E+1","776.4295","2.40E+1","",""
"498.1949","2.30E+1","799.459","2.40E+1","",""
"498.2414","3.20E+1","805.4804","2.60E+1","",""
"498.2862","6.25E+1","880.7839","2.20E+1","",""
"498.3082","2.56E+1","913.6255","2.20E+1","",""
"498.3411","2.50E+1","970.5198","2.20E+1","",""
"498.3889","2.60E+1","1078.0811","2.00E+1","",""
"499.5758","2.60E+1","1170.6438","2.20E+1","",""
"500.7931","3.90E+1","","","",""
"501.641","2.20E+1","","","",""
"502.2028","2.20E+1","","","",""
"502.3244","2.90E+1","","","",""
"502.7588","2.10E+1","","","",""
"503.2085","2.10E+1","","","",""
"503.3047","2.10E+1","","","",""
"503.7952","3.60E+1","","","",""
"504.2038","5.90E+1","","","",""
"504.6848","2.60E+1","","","",""
"504.781","4.70E+1","","","",""
"505.2613","1.08E+2","","","",""
"505.7663","2.10E+1","","","",""
"506.185","2.10E+1","","","",""
"506.2555","7.70E+1","","","",""
"506.3084","1.34E+2","","","",""
"507.288","6.00E+1","","","",""
"508.1886","3.20E+1","","","",""
"508.256","6.00E+1","","","",""
"508.2807","2.70E+1","","","",""
"508.6922","2.00E+1","","","",""
"508.8031","2.80E+1","","","",""
"509.2624","2.20E+1","","","",""
"509.7565","2.10E+1","","","",""
"511.1978","2.10E+1","","","",""
"511.7606","3.00E+1","","","",""
"512.221","2.20E+1","","","",""
"512.2622","2.30E+1","","","",""
"512.7126","2.00E+1","","","",""
"512.754","3.20E+1","","","",""
"512.8448","2.50E+1","","","",""
"513.2155","2.50E+1","","","",""
"513.2412","2.20E+1","","","",""
"513.3244","2.60E+1","","","",""
"513.3521","2.00E+1","","","",""
"514.3583","2.50E+1","","","",""
"514.7947","3.30E+1","","","",""
"515.214","3.10E+1","","","",""
"515.3114","3.50E+1","","","",""
"515.7982","3.00E+1","","","",""
"516.2676","2.10E+1","","","",""
"516.7994","2.40E+1","","","",""
"517.3075","2.20E+1","","","",""
"518.1288","2.00E+1","","","",""
"518.2247","2.40E+1","","","",""
"518.7141","2.20E+1","","","",""
"519.2195","2.26E+1","","","",""
"519.2573","6.60E+1","","","",""
"519.2991","2.10E+1","","","",""
"520.2551","2.70E+1","","","",""
"520.7105","2.20E+1","","","",""
"520.9124","2.10E+1","","","",""
"521.2682","2.10E+1","","","",""
"521.3012","1.03E+2","","","",""
"522.1852","7.80E+1","","","",""
"522.2327","2.20E+1","","","",""
"522.2941","1.32E+2","","","",""
"523.2528","2.20E+1","","","",""
"524.2882","2.10E+1","","","",""
"524.3519","2.50E+1","","","",""
"525.3208","2.00E+1","","","",""
"526.1639","2.10E+1","","","",""
"526.2511","1.26E+1","","","",""
"526.2765","7.82E+1","","","",""
"526.3644","3.80E+1","","","",""
"528.337","2.40E+1","","","",""
"529.2934","8.90E+1","","","",""
"530.2476","2.80E+1","","","",""
"531.201","5.20E+1","","","",""
"531.2362","1.66E+1","","","",""
"532.2032","3.00E+1","","","",""
"532.273","2.00E+1","","","",""
"534.2762","1.94E+1","","","",""
"534.3074","3.00E+1","","","",""
"534.3725","3.90E+1","","","",""
"535.2886","2.68E+1","","","",""
"535.3328","1.58E+2","","","",""
"535.3796","2.40E+1","","","",""
"536.2357","2.50E+1","","","",""
"536.3369","6.59E+1","","","",""
"536.3616","3.20E+1","","","",""
"537.2702","5.50E+1","","","",""
"537.3134","5.70E+1","","","",""
"538.2377","1.18E+2","","","",""
"538.2704","4.61E+1","","","",""
"539.2462","5.40E+1","","","",""
"539.2731","3.10E+1","","","",""
"540.2477","2.30E+1","","","",""
"541.2776","2.20E+1","","","",""
"542.1666","2.50E+1","","","",""
"543.3168","5.10E+1","","","",""
"543.7544","3.20E+1","","","",""
"544.3088","4.20E+1","","","",""
"545.0009","3.00E+1","","","",""
"545.34","2.50E+1","","","",""
"548.2311","2.30E+1","","","",""
"548.3071","2.60E+1","","","",""
"549.2401","2.10E+1","","","",""
"549.2697","2.30E+1","","","",""
"549.3422","5.00E+1","","","",""
"550.2843","6.50E+1","","","",""
"550.3243","2.56E+1","","","",""
"551.1872","2.10E+1","","","",""
"551.3002","7.50E+1","","","",""
"552.1852","2.10E+1","","","",""
"552.248","2.50E+1","","","",""
"552.3758","2.40E+1","","","",""
"552.8182","2.60E+1","","","",""
"553.252","2.00E+1","","","",""
"553.309","9.50E+1","","","",""
"554.2202","2.30E+1","","","",""
"554.3186","2.20E+1","","","",""
"555.3156","5.10E+1","","","",""
"555.3647","1.02E+2","","","",""
"555.7034","2.00E+1","","","",""
"556.2823","3.60E+1","","","",""
"556.8211","2.40E+1","","","",""
"557.2582","4.40E+1","","","",""
"557.3401","6.76E+1","","","",""
"558.344","2.00E+1","","","",""
"558.3884","2.20E+1","","","",""
"559.0516","3.10E+1","","","",""
"559.3148","2.20E+1","","","",""
"560.3265","6.10E+1","","","",""
"561.3118","2.70E+1","","","",""
"561.3694","3.80E+1","","","",""
"563.3422","9.00E+1","","","",""
"564.0307","2.20E+1","","","",""
"564.3254","6.70E+1","","","",""
"565.3309","2.10E+1","","","",""
"565.3734","4.20E+1","","","",""
"566.314","3.20E+1","","","",""
"567.2374","3.30E+1","","","",""
"567.2778","4.90E+1","","","",""
"568.1752","2.40E+1","","","",""
"568.2146","2.90E+1","","","",""
"568.2808","2.20E+1","","","",""
"569.2096","4.40E+1","","","",""
"569.3408","6.40E+1","","","",""
"570.2475","7.80E+1","","","",""
"570.3179","2.80E+1","","","",""
"571.3342","3.30E+1","","","",""
"572.233","3.20E+1","","","",""
"572.3211","4.70E+1","","","",""
"572.364","4.80E+1","","","",""
"573.1201","2.40E+1","","","",""
"573.2422","2.10E+1","","","",""
"573.3094","4.40E+1","","","",""
"573.35","2.10E+1","","","",""
"573.5384","2.70E+1","","","",""
"574.1925","3.20E+1","","","",""
"575.2908","2.10E+1","","","",""
"576.2511","4.40E+1","","","",""
"577.2272","2.40E+1","","","",""
"577.2914","2.40E+1","","","",""
"578.3004","2.20E+1","","","",""
"582.3715","2.20E+1","","","",""
"583.3011","7.30E+1","","","",""
"584.3361","2.30E+1","","","",""
"585.7281","2.20E+1","","","",""
"586.0073","2.00E+1","","","",""
"586.2681","2.80E+1","","","",""
"587.3634","6.00E+1","","","",""
"588.1169","5.30E+1","","","",""
"589.3171","2.80E+1","","","",""
"591.2605","4.40E+1","","","",""
"591.3348","2.65E+2","","","",""
"591.399","2.10E+1","","","",""
"592.2899","5.68E+1","","","",""
"592.3489","2.00E+1","","","",""
"592.3704","3.00E+1","","","",""
"594.2031","2.80E+1","","","",""
"594.2764","3.30E+1","","","",""
"595.1217","2.40E+1","","","",""
"596.1983","8.70E+1","","","",""
"598.2473","2.30E+1","","","",""
"599.3171","2.90E+1","","","",""
"599.3435","4.10E+1","","","",""
"600.2519","2.50E+1","","","",""
"600.3365","2.20E+1","","","",""
"601.2974","2.10E+1","","","",""
"602.3773","5.00E+1","","","",""
"603.3037","2.10E+1","","","",""
"603.3484","2.50E+1","","","",""
"604.2347","2.20E+1","","","",""
"604.3016","2.00E+1","","","",""
"605.2996","1.23E+2","","","",""
"605.3435","4.30E+1","","","",""
"605.3899","2.70E+1","","","",""
"606.379","2.10E+1","","","",""
"607.1921","2.10E+1","","","",""
"607.749","2.50E+1","","","",""
"608.3365","2.00E+1","","","",""
"608.3615","2.80E+1","","","",""
"609.2308","2.50E+1","","","",""
"609.314","1.07E+2","","","",""
"609.3495","5.70E+1","","","",""
"609.3723","4.00E+1","","","",""
"610.2772","4.94E+1","","","",""
"610.3245","8.56E+1","","","",""
"610.3914","2.30E+1","","","",""
"611.3179","2.00E+1","","","",""
"611.7676","2.10E+1","","","",""
"613.2882","2.40E+1","","","",""
"618.3121","2.10E+1","","","",""
"618.3419","3.10E+1","","","",""
"618.4666","2.50E+1","","","",""
"620.3182","2.30E+1","","","",""
"620.397","2.10E+1","","","",""
"621.3408","2.70E+1","","","",""
"622.2546","2.80E+1","","","",""
"622.3818","2.30E+1","","","",""
"623.2703","2.50E+1","","","",""
"624.3531","4.00E+1","","","",""
"625.3719","2.60E+1","","","",""
"625.5157","2.50E+1","","","",""
"626.3091","3.80E+1","","","",""
"626.3638","3.00E+1","","","",""
"627.3661","3.80E+1","","","",""
"628.2769","2.40E+1","","","",""
"629.3837","6.30E+1","","","",""
"629.746","2.40E+1","","","",""
"632.3913","4.80E+1","","","",""
"633.3699","2.50E+1","","","",""
"634.3307","2.40E+1","","","",""
"635.3723","6.80E+1","","","",""
"635.4107","5.50E+1","","","",""
"636.2592","2.00E+1","","","",""
"636.3387","2.30E+1","","","",""
"636.4952","2.10E+1","","","",""
"637.4195","2.10E+1","","","",""
"639.0128","2.70E+1","","","",""
"639.3208","3.10E+1","","","",""
"643.3792","2.10E+1","","","",""
"645.3016","2.70E+1","","","",""
"645.3945","2.10E+1","","","",""
"647.7307","2.10E+1","","","",""
"649.2809","2.10E+1","","","",""
"650.4142","3.50E+1","","","",""
"653.3184","2.30E+1","","","",""
"654.3766","2.10E+1","","","",""
"658.2921","4.20E+1","","","",""
"661.3102","3.60E+1","","","",""
"662.3214","3.90E+1","","","",""
"663.4101","2.10E+1","","","",""
"664.2966","2.27E+1","","","",""
"664.3347","2.28E+1","","","",""
"666.7583","2.90E+1","","","",""
"668.3395","4.50E+1","","","",""
"668.4733","2.90E+1","","","",""
"669.3654","2.20E+1","","","",""
"680.3727","1.18E+2","","","",""
"689.0339","5.10E+1","","","",""
"689.3341","2.00E+1","","","",""
"689.9821","2.00E+1","","","",""
"693.4335","3.40E+1","","","",""
"698.202","2.20E+1","","","",""
"702.1655","2.10E+1","","","",""
"706.3691","2.40E+1","","","",""
"711.5411","2.10E+1","","","",""
"715.4686","4.00E+1","","","",""
"723.35","2.10E+1","","","",""
"726.5275","3.00E+1","","","",""
"748.3444","2.10E+1","","","",""
"758.3651","2.20E+1","","","",""
"768.2224","2.60E+1","","","",""
"776.3212","2.30E+1","","","",""
"777.3753","2.10E+1","","","",""
"787.617","8.30E+1","","","",""
"793.4032","2.10E+1","","","",""
"808.6159","2.00E+1","","","",""
"825.0457","2.40E+1","","","",""
"827.3421","2.00E+1","","","",""
"839.8791","2.20E+1","","","",""
"843.5179","2.20E+1","","","",""
"877.0472","3.60E+1","","","",""
"901.0784","2.10E+1","","","",""
"903.5491","2.50E+1","","","",""
"925.3157","2.00E+1","","","",""
"928.6551","3.60E+1","","","",""
"1070.1012","2.50E+1","","","",""
"1129.1155","3.60E+1","","","",""
"1140.9353","7.60E+1","","","",""
