"mz_10eV","10eV","mz_30eV","30eV","mz_50eV","50eV"
"52.6948","2.30E+1","52.7611","2.10E+1","53.0321","2.30E+1"
"55.2715","2.40E+1","70.0218","2.60E+1","56.5909","2.10E+1"
"56.5619","4.00E+1","70.0524","2.24E+1","65.7951","2.40E+1"
"70.7696","2.00E+1","70.0623","1.27E+2","67.0425","2.10E+1"
"72.165","2.60E+1","80.0021","2.60E+1","68.0491","3.20E+1"
"82.1488","2.30E+1","84.0792","1.36E+2","70.0647","1.73E+3"
"91.0275","2.10E+1","84.0921","2.69E+1","70.6219","2.00E+1"
"109.8053","2.80E+1","85.0771","2.10E+1","71.0595","5.40E+1"
"112.9925","3.50E+1","90.2902","2.10E+1","72.0469","3.90E+1"
"120.1115","2.90E+1","98.0653","1.01E+2","72.0704","3.65E+1"
"125.16","2.00E+1","102.2798","4.00E+1","72.0805","4.02E+2"
"129.7737","3.20E+1","104.0566","2.20E+1","76.0245","2.10E+1"
"140.1626","7.00E+1","105.2314","2.70E+1","82.0673","2.40E+1"
"145.0963","3.20E+1","109.0267","2.20E+1","84.0433","1.68E+2"
"149.754","2.90E+1","109.3137","3.00E+1","84.0814","2.15E+3"
"151.2339","3.20E+1","111.0907","2.70E+1","85.0858","1.51E+2"
"153.769","2.60E+1","115.086","3.00E+1","86.0845","2.98E+1"
"159.9047","2.10E+1","116.0722","5.20E+1","86.0981","3.46E+2"
"165.9959","8.70E+1","116.0907","2.10E+1","87.0534","7.00E+1"
"169.1513","2.60E+1","118.0874","2.30E+1","88.0304","2.60E+1"
"170.8381","2.30E+1","119.0867","2.80E+1","88.0415","2.40E+1"
"176.2391","2.50E+1","120.078","2.20E+1","90.7853","2.10E+1"
"183.142","8.10E+1","122.051","2.80E+1","91.1132","3.30E+1"
"203.8749","2.20E+1","122.207","2.10E+1","93.0441","5.10E+1"
"208.0431","2.60E+1","123.044","5.20E+1","94.0703","2.50E+1"
"219.1389","2.20E+1","123.0946","2.30E+1","95.027","3.60E+1"
"235.8974","2.70E+1","125.057","2.30E+1","96.0504","1.26E+2"
"236.9149","6.80E+1","126.061","2.30E+1","96.0823","3.10E+1"
"239.9234","2.60E+1","127.0868","2.30E+1","97.0754","2.80E+1"
"245.1777","8.51E+1","129.0279","3.30E+1","98.0189","2.90E+1"
"245.2002","1.82E+1","129.1037","1.30E+3","98.0455","2.10E+1"
"247.2426","2.20E+1","130.0504","1.77E+2","98.0625","2.26E+2"
"263.1184","2.40E+1","130.1118","7.30E+1","98.0898","2.10E+1"
"268.291","2.30E+1","131.0528","2.30E+1","99.0585","2.80E+1"
"269.9258","2.10E+1","132.0618","6.70E+1","99.1018","2.70E+1"
"270.786","5.10E+1","133.0535","2.40E+1","101.0772","2.20E+1"
"283.0691","3.10E+1","133.0669","2.10E+1","101.0896","2.43E+1"
"302.2176","2.20E+1","136.079","5.90E+1","101.101","8.37E+1"
"304.1809","8.00E+1","136.4823","2.40E+1","101.1121","2.30E+1"
"313.1447","2.40E+1","136.6733","2.50E+1","102.0356","3.40E+1"
"313.2098","2.40E+1","137.032","2.30E+1","102.0478","4.10E+1"
"315.9934","6.90E+1","137.8394","2.90E+1","102.0595","2.60E+1"
"318.1289","2.10E+1","139.0868","4.10E+1","102.0922","4.70E+1"
"318.1999","2.40E+1","140.1494","3.30E+1","103.0487","5.20E+1"
"324.1101","2.60E+1","141.1207","2.10E+1","105.0628","2.00E+1"
"328.2147","2.24E+2","141.1408","2.50E+1","105.0715","2.70E+1"
"328.2316","9.13E+1","143.1151","2.50E+1","106.0436","4.20E+1"
"330.4889","2.60E+1","145.0627","2.00E+1","107.0567","5.10E+1"
"335.88","2.10E+1","145.0804","2.70E+1","108.0585","2.60E+1"
"345.8896","2.00E+1","147.0791","5.79E+2","108.0711","3.60E+1"
"352.1862","2.30E+1","147.1273","4.90E+1","109.0341","8.00E+1"
"357.1009","3.60E+1","148.0675","2.00E+1","109.0878","2.50E+1"
"359.2371","2.30E+1","152.7213","2.20E+1","110.0561","6.58E+1"
"359.3755","2.70E+1","153.0988","2.00E+1","110.0661","1.19E+2"
"361.2451","2.10E+1","153.3889","2.10E+1","110.0749","2.00E+2"
"371.4819","2.30E+1","155.0863","2.50E+1","110.4383","4.00E+1"
"373.0246","2.40E+1","157.0901","1.96E+1","111.0557","3.40E+1"
"378.1341","2.40E+1","157.1051","1.51E+2","111.0971","1.65E+2"
"382.1712","2.40E+1","157.1305","6.90E+1","111.1393","2.30E+1"
"382.4175","2.30E+1","159.0812","3.20E+1","112.0411","2.30E+1"
"382.7439","3.50E+1","162.0208","2.30E+1","112.0881","7.10E+1"
"383.4165","2.10E+1","163.0368","1.03E+2","113.0652","9.15E+1"
"386.12","2.50E+1","163.0824","6.50E+1","113.0747","4.53E+1"
"387.2544","4.50E+1","164.0802","2.00E+1","114.0077","2.60E+1"
"387.5814","3.10E+1","165.0176","2.30E+1","114.0936","2.50E+1"
"388.1247","2.10E+1","165.0663","3.70E+1","114.5614","2.50E+1"
"389.8178","2.20E+1","165.1066","2.20E+1","115.0503","3.50E+1"
"391.1093","2.90E+1","166.1045","2.30E+1","115.0609","2.89E+1"
"393.2139","4.30E+1","167.0644","2.70E+1","115.0892","6.30E+1"
"395.6839","2.20E+1","167.0825","6.10E+1","115.1401","2.40E+1"
"397.1396","3.20E+1","167.098","2.30E+1","116.0512","2.40E+1"
"398.256","2.70E+1","168.081","2.30E+1","116.0718","9.40E+1"
"399.0272","2.20E+1","169.0702","2.20E+1","117.6313","2.00E+1"
"400.1288","4.80E+1","169.1364","1.64E+3","118.0911","2.20E+1"
"400.3863","4.50E+1","169.2278","2.90E+1","118.4943","2.40E+1"
"401.447","3.70E+1","170.1059","2.20E+1","119.0491","9.80E+1"
"403.3985","2.90E+1","170.1366","8.60E+1","119.082","3.10E+1"
"403.4846","4.50E+1","171.1024","6.90E+1","120.0815","4.55E+2"
"404.1761","2.30E+1","171.1114","2.98E+1","121.0541","2.30E+1"
"405.1097","2.40E+1","171.1178","4.12E+1","121.0834","1.31E+2"
"405.1653","2.57E+1","171.1493","2.20E+1","122.0531","2.20E+1"
"405.215","7.41E+2","172.0651","2.40E+1","122.0672","1.00E+2"
"405.7485","3.80E+1","173.0958","4.70E+1","122.1055","2.10E+1"
"406.1582","2.10E+1","174.7673","2.20E+1","122.9721","4.10E+1"
"406.1852","5.50E+1","174.9237","2.50E+1","123.0016","4.20E+1"
"406.2259","9.93E+1","175.1002","2.10E+1","123.0436","4.26E+2"
"407.0879","3.90E+1","175.1212","2.20E+1","123.0585","8.05E+1"
"407.2148","2.80E+1","178.0782","2.30E+1","123.0921","7.70E+1"
"408.2684","2.00E+1","179.1234","2.00E+1","123.4453","2.50E+1"
"409.235","3.40E+1","180.0988","2.20E+1","124.0458","5.10E+1"
"409.309","2.10E+1","180.1145","2.10E+1","124.1133","1.23E+2"
"409.5012","2.00E+1","180.8124","2.20E+1","125.0221","2.70E+1"
"412.269","4.60E+1","181.0289","2.40E+1","125.079","2.40E+1"
"413.4628","3.10E+1","181.052","2.30E+1","125.114","2.50E+1"
"415.8464","2.10E+1","181.0654","2.50E+1","126.054","2.32E+2"
"416.7781","2.00E+1","181.1037","7.30E+1","126.0884","4.60E+1"
"417.1863","2.10E+1","181.538","2.10E+1","126.114","6.60E+1"
"417.253","2.10E+1","182.0985","2.50E+1","126.1292","9.30E+1"
"418.2316","2.80E+1","183.1444","2.72E+2","126.1559","3.40E+1"
"419.7065","2.50E+1","184.1286","4.60E+1","126.1862","2.20E+1"
"419.7426","2.70E+1","184.1488","2.00E+1","126.341","3.40E+1"
"420.4933","2.30E+1","184.1625","2.10E+1","126.6182","2.90E+1"
"420.993","2.00E+1","185.0912","5.18E+2","126.6383","2.10E+1"
"421.1982","2.20E+1","185.1259","2.06E+2","126.6857","3.90E+1"
"422.4158","2.20E+1","185.1613","1.09E+2","127.0315","2.48E+1"
"422.8955","2.20E+1","185.1928","2.10E+1","127.047","4.40E+1"
"423.002","3.40E+1","185.5326","2.20E+1","127.088","1.31E+2"
"423.1376","2.40E+1","185.9048","2.20E+1","127.1269","2.20E+1"
"423.9178","2.00E+1","186.0793","2.10E+1","127.8957","2.60E+1"
"424.3789","2.40E+1","186.0928","2.10E+1","128.0116","2.00E+1"
"426.9144","2.40E+1","186.1304","1.04E+2","128.0708","7.20E+1"
"427.099","1.18E+2","186.1564","4.70E+1","128.109","3.50E+1"
"427.1727","2.80E+1","187.1106","1.10E+2","128.7674","2.10E+1"
"427.2556","4.50E+1","189.0784","3.40E+1","128.9756","2.80E+1"
"427.297","2.20E+1","189.121","2.00E+1","129.0549","4.98E+1"
"428.1939","3.40E+1","191.1087","2.00E+1","129.0686","2.56E+2"
"429.1866","5.48E+1","192.6403","2.70E+1","129.1039","2.22E+4"
"429.2249","1.74E+2","194.0848","2.60E+1","129.1452","1.21E+2"
"429.5983","2.30E+1","195.0691","1.18E+2","129.1758","3.80E+1"
"429.8948","3.10E+1","196.1267","2.20E+1","129.2452","6.90E+1"
"430.2167","2.10E+1","196.1577","2.90E+1","129.4125","3.20E+1"
"430.2622","8.53E+2","196.9393","9.90E+1","129.807","2.70E+1"
"431.1678","2.40E+1","197.0471","2.20E+1","130.0477","2.69E+2"
"431.2126","2.50E+1","197.0724","2.90E+1","130.0606","1.37E+2"
"431.2531","1.11E+2","197.0894","2.63E+1","130.1061","1.43E+3"
"432.2032","4.20E+1","197.1279","2.30E+3","130.6925","2.90E+1"
"434.9037","2.10E+1","197.1714","2.96E+2","131.0367","3.80E+1"
"435.2792","2.30E+1","197.2038","4.30E+1","131.0551","5.95E+1"
"436.3166","2.20E+1","198.1276","1.46E+3","131.0866","5.50E+1"
"436.5356","2.10E+1","198.1659","2.10E+1","131.1126","7.60E+1"
"436.6219","2.20E+1","199.0737","5.70E+1","131.6087","4.70E+1"
"437.0664","2.40E+1","199.1144","2.20E+1","132.0921","7.40E+1"
"437.2153","2.10E+1","199.131","4.90E+1","132.1182","3.60E+1"
"437.3287","2.60E+1","200.1042","5.60E+1","133.059","2.80E+2"
"438.212","2.50E+1","200.1727","2.10E+1","134.0991","5.10E+1"
"438.5683","2.80E+1","201.067","2.10E+1","135.0418","1.43E+2"
"438.6063","3.60E+1","201.1241","5.90E+1","135.0665","2.20E+1"
"439.1588","2.30E+1","202.0543","3.70E+1","135.1003","2.10E+1"
"439.2081","2.80E+1","202.0821","2.10E+1","136.0382","3.30E+1"
"440.9214","2.50E+1","202.1028","2.42E+1","136.0773","1.51E+3"
"441.4478","2.20E+1","202.1252","2.75E+2","136.108","3.40E+1"
"441.6031","2.20E+1","203.098","4.30E+1","136.6487","2.40E+1"
"442.1529","1.09E+2","205.0834","2.50E+1","137.0289","4.20E+1"
"442.6994","3.10E+1","205.1601","2.30E+1","137.0748","2.20E+2"
"443.1607","3.20E+1","207.1136","2.40E+1","137.1019","3.00E+1"
"443.222","2.10E+1","208.1116","5.60E+1","137.1362","2.60E+1"
"443.7879","2.50E+1","209.007","3.70E+1","137.5897","3.00E+1"
"445.6411","2.20E+1","209.6754","8.80E+1","138.0893","6.60E+1"
"446.0096","2.30E+1","210.0011","2.10E+1","138.1289","2.37E+2"
"446.2952","3.50E+1","210.0976","4.40E+1","138.7061","4.30E+1"
"446.4735","2.10E+1","210.1254","6.00E+1","139.0295","2.24E+1"
"447.0481","2.60E+1","210.5335","2.80E+1","139.0453","1.36E+2"
"447.1065","2.50E+1","211.1379","4.20E+1","139.0861","7.84E+2"
"447.481","2.20E+1","212.103","2.30E+1","139.1246","4.10E+1"
"449.1152","2.50E+1","213.1073","4.15E+1","139.8543","5.30E+1"
"449.5869","2.30E+1","213.1277","2.50E+1","140.0429","4.60E+1"
"450.1795","2.40E+1","213.1617","6.82E+2","140.0661","1.72E+2"
"451.1091","7.40E+1","213.5797","4.50E+1","140.0796","1.75E+2"
"451.1526","5.00E+1","213.7621","2.30E+1","140.0941","5.74E+1"
"451.4879","3.80E+1","214.1202","4.30E+1","140.1133","2.40E+1"
"452.1015","3.70E+1","214.1666","1.99E+2","140.1451","5.75E+2"
"455.452","2.30E+1","215.1063","2.38E+2","140.2026","2.20E+1"
"456.188","2.20E+1","215.1487","4.80E+1","141.0042","3.00E+1"
"456.2426","2.10E+1","216.1336","2.16E+3","141.0442","7.10E+1"
"456.2879","4.87E+1","216.3773","2.80E+1","141.0655","7.60E+1"
"457.2518","1.42E+2","217.1116","7.70E+1","141.1057","3.80E+2"
"457.2915","5.62E+1","217.1424","4.10E+2","141.1275","3.40E+1"
"458.2715","1.03E+2","218.1529","2.20E+1","141.1507","7.81E+1"
"459.2124","1.91E+1","219.139","2.50E+1","141.2251","2.30E+1"
"459.2363","5.22E+1","220.1352","2.50E+1","141.4095","5.30E+1"
"459.7939","5.90E+1","220.8277","2.40E+1","141.7479","2.10E+1"
"460.4266","2.60E+1","221.0706","2.10E+1","142.02","2.70E+1"
"462.3953","3.10E+1","221.1241","4.30E+1","142.0515","2.60E+1"
"462.5769","2.00E+1","221.2154","2.40E+1","142.0846","5.40E+1"
"463.517","2.10E+1","221.2918","4.20E+1","142.107","1.07E+2"
"463.6055","2.20E+1","223.0493","3.00E+1","143.042","2.20E+1"
"466.2696","4.40E+1","223.1517","2.70E+1","143.0621","2.20E+1"
"466.7195","2.50E+1","224.1169","2.40E+1","143.0868","8.73E+1"
"467.1179","2.00E+1","224.1756","8.00E+1","143.1147","1.46E+2"
"467.7094","2.40E+1","225.0289","2.10E+1","144.0786","1.25E+2"
"468.4124","2.00E+1","225.1305","2.00E+1","144.9538","2.30E+1"
"468.6903","7.70E+1","225.1592","2.20E+1","145.056","2.50E+1"
"469.1215","2.20E+1","226.0402","2.10E+1","145.0991","8.99E+1"
"469.1611","2.60E+1","226.1021","4.10E+1","145.1143","1.96E+1"
"470.0248","3.30E+1","226.1367","7.70E+1","146.0099","3.00E+1"
"471.4375","2.00E+1","226.2609","2.30E+1","146.1336","1.26E+2"
"472.2271","2.80E+1","227.1258","2.20E+1","147.0448","1.73E+2"
"473.4013","5.30E+1","227.1645","2.20E+1","147.0758","4.17E+2"
"474.2264","2.10E+1","228.0688","2.10E+1","147.1131","7.50E+1"
"474.3146","2.20E+1","228.1028","2.60E+1","147.4071","3.20E+1"
"475.2971","2.60E+1","228.1337","9.70E+1","148.0502","5.27E+1"
"475.4594","3.20E+1","228.1591","1.91E+1","148.0807","1.51E+2"
"476.1847","9.40E+1","228.4752","2.00E+1","149.0309","4.40E+1"
"476.8502","2.20E+1","229.1121","2.08E+1","149.0601","7.07E+1"
"477.7846","2.80E+1","229.1463","7.64E+2","149.0686","4.90E+1"
"478.1414","2.50E+1","229.1675","2.80E+2","149.0791","3.88E+1"
"479.1175","4.50E+1","229.284","2.70E+1","149.0831","1.74E+1"
"483.1886","2.10E+1","229.925","2.20E+1","149.1049","2.30E+1"
"484.1273","2.20E+1","230.1235","2.50E+1","150.0324","2.10E+1"
"484.7991","2.10E+1","230.1543","3.20E+1","150.0523","2.70E+1"
"485.0515","2.50E+1","230.5103","2.10E+1","150.1091","8.20E+1"
"485.2767","2.10E+1","231.9783","3.00E+1","151.0203","2.01E+1"
"487.7649","3.00E+1","232.1296","6.60E+1","151.0394","2.94E+2"
"488.1749","3.00E+1","233.1121","2.23E+2","151.0547","8.51E+1"
"489.7297","2.10E+1","235.0833","2.70E+1","151.0803","3.62E+1"
"490.566","3.30E+1","235.1347","2.30E+1","151.0901","1.47E+2"
"490.727","6.40E+1","236.0402","3.10E+1","151.1171","6.00E+1"
"493.5464","2.70E+1","236.1044","2.10E+1","152.0552","2.10E+1"
"494.1432","7.20E+1","236.1326","6.61E+1","152.0721","3.10E+1"
"494.1993","2.10E+1","236.1461","2.62E+1","152.0865","7.40E+1"
"494.3937","2.90E+1","236.8683","2.00E+1","152.1117","2.00E+1"
"494.5661","2.60E+1","237.1232","2.40E+1","152.1422","3.03E+2"
"495.1261","2.10E+1","237.202","3.30E+1","153.0004","2.80E+1"
"495.1664","3.10E+1","238.1216","4.50E+1","153.0681","1.58E+2"
"496.3052","3.50E+1","238.1626","2.10E+1","153.0992","6.49E+2"
"496.3384","5.40E+1","239.112","2.80E+1","153.1441","1.13E+2"
"496.4165","9.90E+1","240.0891","2.46E+1","153.1758","3.20E+1"
"496.6403","2.10E+1","240.0987","2.72E+1","154.0446","3.20E+1"
"497.3538","2.90E+1","240.1076","2.30E+1","154.058","2.30E+1"
"497.4024","2.10E+1","240.1395","4.70E+1","154.0854","2.10E+1"
"498.138","4.70E+1","240.1624","2.30E+1","154.1074","1.08E+2"
"498.3144","3.20E+1","241.1615","7.50E+1","154.125","5.87E+1"
"499.5545","2.60E+1","242.1477","2.30E+1","154.1447","6.80E+1"
"500.0974","2.10E+1","242.1903","1.35E+2","154.1617","2.40E+1"
"500.2372","2.30E+1","243.1277","2.10E+1","154.9681","2.50E+1"
"500.8415","5.20E+1","243.15","2.40E+1","154.984","8.50E+1"
"503.5954","2.50E+1","245.1552","6.35E+1","155.0053","2.30E+1"
"503.7694","5.30E+1","245.1805","2.84E+2","155.0417","2.70E+1"
"503.9957","2.10E+1","245.1957","9.86E+1","155.0864","3.04E+2"
"505.4498","2.10E+1","245.3689","2.50E+1","155.1131","9.20E+1"
"506.7267","2.10E+1","245.5572","2.80E+1","156.0623","1.89E+1"
"507.0215","2.20E+1","246.1481","4.64E+2","156.0788","9.06E+1"
"507.1588","2.30E+1","246.1936","2.20E+1","156.0909","5.74E+1"
"507.3602","5.50E+1","247.1528","1.11E+2","156.1187","2.80E+1"
"507.5952","2.50E+1","249.1506","2.10E+1","156.9527","2.00E+1"
"508.0254","2.50E+1","251.1326","4.70E+1","157.0626","5.45E+1"
"508.29","2.70E+1","251.1894","2.70E+1","157.0976","3.32E+3"
"508.3309","2.00E+1","252.5396","2.60E+1","157.1296","1.01E+2"
"508.7221","2.20E+1","253.1164","4.40E+1","157.1449","5.35E+1"
"509.9567","4.70E+1","253.224","2.40E+1","157.1689","2.70E+1"
"512.0537","2.40E+1","254.1458","1.56E+2","157.1895","2.60E+1"
"513.2864","4.80E+1","255.1362","4.80E+1","157.2366","3.20E+1"
"513.8888","3.20E+1","256.041","3.10E+1","158.1009","3.72E+2"
"514.2758","9.30E+1","256.104","2.10E+1","158.1262","2.98E+1"
"515.5259","2.20E+1","256.1624","6.50E+1","158.8081","2.50E+1"
"515.6795","2.30E+1","256.1835","3.09E+1","159.0464","2.40E+1"
"515.7772","2.10E+1","257.051","2.50E+1","159.0691","2.40E+1"
"516.231","2.00E+1","257.1152","6.50E+1","159.0974","5.60E+1"
"516.3921","2.20E+1","258.144","1.17E+2","159.3667","3.00E+1"
"516.506","2.20E+1","259.0471","2.40E+1","161.0577","5.94E+1"
"521.1572","2.10E+1","259.0801","2.00E+1","161.0691","2.29E+1"
"521.3557","2.30E+1","260.0578","2.40E+1","162.0671","7.00E+1"
"521.4117","2.00E+1","260.1417","2.00E+1","162.0957","1.72E+2"
"522.6506","3.40E+1","260.1659","4.25E+1","162.1142","1.71E+1"
"522.8743","3.50E+1","260.1971","2.27E+2","163.0164","8.00E+1"
"524.1425","2.30E+1","261.1408","2.40E+1","163.0414","7.26E+2"
"524.4283","3.00E+1","261.6292","3.00E+1","163.0844","1.69E+2"
"524.6708","4.80E+1","262.7776","2.20E+1","164.0473","2.90E+1"
"525.2405","5.10E+1","263.1024","7.70E+1","164.063","5.61E+1"
"525.288","2.50E+1","263.2292","2.30E+1","164.0811","6.80E+1"
"525.338","2.14E+2","264.1104","2.70E+1","164.0969","2.21E+1"
"525.705","1.02E+2","264.173","2.00E+1","164.1204","4.13E+1"
"526.273","2.10E+1","264.2643","3.10E+1","164.9972","3.10E+1"
"527.2876","2.50E+1","264.9663","3.40E+1","165.022","2.00E+1"
"528.2953","4.90E+1","265.0912","2.30E+1","165.06","3.19E+2"
"529.0248","2.30E+1","265.1186","3.70E+1","165.0893","1.10E+2"
"529.1514","2.50E+1","265.1978","4.70E+1","165.1069","8.77E+1"
"530.2382","2.20E+1","266.146","6.10E+1","166.0318","2.10E+1"
"530.5037","2.30E+1","266.1619","4.00E+1","166.0514","4.30E+1"
"530.8779","2.90E+1","266.1838","2.30E+1","166.0926","1.01E+2"
"531.1247","3.50E+1","267.1354","2.40E+1","166.1203","4.56E+1"
"531.261","2.70E+1","267.2194","5.20E+1","166.1994","2.10E+1"
"531.4298","2.50E+1","267.4655","2.00E+1","167.0279","2.10E+1"
"532.1912","2.80E+1","268.4456","3.90E+1","167.0829","4.76E+2"
"533.1526","2.20E+1","269.1075","2.20E+1","167.125","7.16E+1"
"533.5736","2.30E+1","269.1343","2.70E+1","167.1585","8.50E+1"
"533.8988","3.60E+1","269.1664","2.10E+1","167.953","7.30E+1"
"534.6653","2.30E+1","270.1146","5.00E+1","168.0655","5.10E+1"
"535.6028","2.10E+1","270.1355","2.30E+1","168.1156","9.20E+1"
"535.6528","2.10E+1","270.1669","9.85E+1","168.1566","4.50E+1"
"537.3534","2.10E+1","270.1964","3.60E+1","169.0363","2.50E+1"
"538.9822","2.20E+1","271.0707","5.50E+1","169.0718","6.68E+1"
"539.2197","2.50E+1","271.1741","2.10E+1","169.0914","2.62E+2"
"541.5276","2.70E+1","272.115","2.30E+1","169.1359","4.28E+3"
"542.8009","2.30E+1","273.11","2.10E+1","169.1715","1.16E+2"
"544.4472","2.60E+1","273.1491","4.50E+1","169.1934","6.70E+1"
"544.6473","2.60E+1","276.12","2.80E+1","169.2388","4.30E+1"
"544.7283","2.00E+1","276.1805","4.80E+1","169.9512","8.60E+1"
"545.7753","2.50E+1","276.386","2.10E+1","170.0505","1.73E+1"
"547.2994","2.20E+1","276.5005","4.80E+1","170.0676","1.71E+2"
"547.5782","2.20E+1","276.6286","2.70E+1","170.0953","2.50E+1"
"547.9412","2.80E+1","277.1195","2.00E+1","170.1053","1.97E+1"
"549.2252","2.40E+1","277.1438","3.80E+1","170.1116","2.67E+1"
"550.4053","2.60E+1","277.1556","3.30E+1","170.14","5.55E+2"
"551.5984","2.00E+1","277.1802","2.60E+1","171.08","2.22E+2"
"554.0446","2.70E+1","277.7082","2.50E+1","171.1114","6.52E+2"
"554.2382","5.60E+1","277.7616","2.30E+1","171.1385","2.10E+1"
"554.692","2.60E+1","279.0886","2.50E+1","172.0727","4.46E+1"
"556.4094","4.30E+1","279.1434","2.10E+1","172.1071","1.32E+2"
"556.8943","2.50E+1","280.1143","5.10E+1","172.1335","4.12E+1"
"557.8219","2.10E+1","281.0166","2.50E+1","173.05","2.19E+1"
"557.9573","2.10E+1","281.1249","2.40E+1","173.0654","9.37E+1"
"558.9229","4.30E+1","281.1567","2.50E+1","173.0922","4.64E+1"
"559.1201","3.60E+1","282.0172","2.50E+1","173.1072","2.23E+1"
"559.788","2.10E+1","282.1391","2.30E+1","173.1348","1.55E+2"
"560.1995","2.90E+1","282.1657","2.20E+1","173.6682","2.70E+1"
"561.3319","3.20E+1","282.1957","2.40E+1","174.0559","2.30E+1"
"561.6663","2.30E+1","283.0967","2.30E+1","174.0818","3.91E+1"
"561.7867","2.10E+1","283.1482","2.40E+1","175.0428","1.17E+2"
"564.0706","2.00E+1","283.1755","1.80E+2","175.0683","1.87E+1"
"564.9489","2.40E+1","283.2167","1.05E+2","175.0867","1.22E+2"
"566.2797","5.50E+1","284.1579","1.67E+3","175.1181","2.55E+2"
"566.6892","8.00E+1","285.0835","2.20E+1","176.0515","1.34E+2"
"567.0452","2.00E+1","285.1677","2.50E+2","176.0896","1.36E+1"
"568.2555","5.20E+1","285.1932","2.04E+1","176.116","9.67E+1"
"568.3911","2.10E+1","285.5443","2.30E+1","176.144","1.91E+1"
"569.4224","2.30E+1","286.1913","7.10E+1","177.0507","1.19E+2"
"569.5085","2.60E+1","286.2639","3.70E+1","177.0678","3.24E+1"
"570.2574","2.60E+1","287.1465","2.30E+1","177.1024","7.95E+1"
"570.606","2.20E+1","287.1697","2.30E+1","178.0612","2.30E+1"
"570.6861","2.10E+1","287.1998","2.30E+1","178.1183","3.63E+1"
"570.8762","1.34E+2","288.1376","4.50E+1","178.1356","6.30E+1"
"572.1842","6.90E+1","288.6022","2.90E+1","179.0304","2.00E+1"
"572.6615","2.70E+1","289.054","2.40E+1","179.0479","2.10E+1"
"573.2903","2.20E+1","290.0387","3.10E+1","179.0784","9.48E+1"
"573.4485","4.50E+1","290.0554","2.68E+1","179.1163","7.85E+1"
"573.8297","2.05E+1","290.0681","2.82E+1","179.1545","9.78E+1"
"573.8649","3.50E+1","290.0956","2.40E+1","179.518","2.20E+1"
"574.1403","2.30E+1","291.0458","1.61E+2","180.064","1.41E+2"
"574.421","2.20E+1","291.0654","3.13E+1","180.1133","5.47E+2"
"575.5039","2.70E+1","291.174","2.20E+1","180.2585","2.90E+1"
"575.7678","3.60E+1","291.2232","2.00E+1","180.7802","1.19E+2"
"575.9606","2.80E+1","292.1259","2.20E+1","181.058","1.93E+2"
"576.6323","2.20E+1","292.9184","2.10E+1","181.1016","4.96E+2"
"577.2889","9.30E+1","293.1205","2.10E+1","181.14","1.06E+2"
"577.5367","2.30E+1","293.1556","2.10E+1","181.1606","1.12E+2"
"577.6904","2.10E+1","293.1952","4.60E+1","181.1819","4.50E+1"
"578.1232","2.10E+1","294.1484","1.12E+1","182.0462","3.00E+1"
"578.1885","1.12E+2","294.1785","2.20E+2","182.0606","3.86E+1"
"578.6923","6.80E+1","295.1072","6.20E+1","182.0831","1.03E+2"
"578.8625","2.70E+1","295.1297","5.90E+1","182.1364","1.98E+2"
"579.2883","2.40E+1","295.1747","5.49E+2","182.198","2.20E+1"
"580.1805","2.20E+1","296.1403","2.60E+1","183.0358","3.10E+1"
"580.2211","2.10E+1","296.1625","1.89E+1","183.0658","4.27E+1"
"580.2581","2.70E+1","296.2344","2.10E+1","183.0855","2.31E+2"
"580.2969","2.00E+1","296.8386","2.40E+1","183.1094","1.36E+2"
"580.3275","2.40E+1","297.0411","2.10E+1","183.1495","1.45E+3"
"581.2037","2.70E+1","297.1021","3.10E+1","184.0791","1.19E+2"
"581.2986","2.20E+1","297.1435","2.10E+1","184.1042","1.42E+2"
"581.5182","2.10E+1","297.2382","2.80E+1","184.1172","2.86E+2"
"581.7198","4.10E+1","297.53","2.70E+1","184.1505","7.50E+1"
"581.7576","5.33E+1","298.1191","4.80E+1","184.8404","2.20E+1"
"583.5602","2.20E+1","298.1671","6.80E+1","184.9851","5.10E+1"
"583.7101","6.50E+1","298.2147","2.38E+2","185.0361","2.20E+1"
"584.77","2.20E+1","298.5509","2.30E+1","185.094","5.70E+3"
"585.1443","2.00E+1","299.0787","7.30E+1","185.1343","8.09E+1"
"585.2908","4.60E+1","299.1393","1.09E+2","185.1645","1.31E+3"
"586.815","7.80E+1","300.0546","4.70E+1","185.2444","2.40E+1"
"588.2022","3.60E+1","300.1346","3.30E+1","186.0952","5.96E+2"
"589.1301","4.70E+1","300.1896","3.60E+1","186.1236","7.74E+1"
"589.2183","2.10E+1","301.0702","3.90E+1","186.1367","4.55E+1"
"590.6071","2.20E+1","301.0921","1.99E+1","186.1612","1.10E+2"
"591.6497","2.80E+1","301.1167","2.10E+1","186.1828","8.70E+1"
"593.0812","3.10E+1","301.1477","2.50E+1","186.2066","5.30E+1"
"593.2783","2.20E+1","301.184","4.71E+2","187.0467","1.87E+2"
"593.6926","2.10E+1","301.2269","8.00E+1","187.0746","1.02E+2"
"593.8389","2.90E+1","301.3871","2.60E+1","187.1091","2.41E+2"
"594.4814","2.30E+1","302.0544","2.20E+1","187.1622","2.20E+1"
"595.0173","2.40E+1","302.1602","6.60E+1","187.3411","3.20E+1"
"595.218","2.50E+1","302.1834","1.21E+2","187.6245","2.00E+1"
"595.2703","2.20E+1","303.1036","2.50E+1","187.9803","2.00E+1"
"596.3845","2.20E+1","303.1597","9.20E+1","188.0029","5.50E+1"
"597.2729","2.30E+1","304.1329","2.70E+1","188.0751","1.01E+2"
"598.159","5.20E+1","304.1633","4.30E+1","188.1092","1.11E+2"
"598.5886","3.00E+1","305.0755","4.30E+1","188.3785","3.70E+1"
"600.2686","4.50E+1","306.2039","1.17E+2","189.0307","2.60E+1"
"600.5653","5.70E+1","307.0982","4.40E+1","189.0604","6.65E+1"
"601.3145","5.50E+1","307.1226","2.50E+1","189.0857","9.62E+1"
"602.2336","2.20E+1","307.1555","6.34E+1","189.7619","2.40E+1"
"604.4189","2.20E+1","307.1725","2.70E+1","190.0559","3.00E+1"
"604.6494","7.10E+1","307.5467","2.20E+1","190.0923","2.87E+1"
"605.0701","2.60E+1","308.1522","2.10E+1","190.1412","5.35E+1"
"607.2617","2.10E+1","308.1848","2.20E+1","190.2234","2.70E+1"
"609.0709","2.90E+1","308.2609","2.20E+1","191.0308","1.61E+2"
"609.1686","2.40E+1","309.0824","2.30E+1","191.0431","4.61E+1"
"610.5022","2.30E+1","309.1283","2.60E+1","191.078","4.77E+1"
"611.1368","2.60E+1","310.1764","2.13E+1","191.1178","7.23E+1"
"611.2921","2.20E+1","310.213","1.40E+2","192.0029","2.70E+1"
"612.5903","2.10E+1","310.3167","2.60E+1","192.0415","2.50E+1"
"613.3931","3.60E+1","311.1432","1.29E+2","192.0744","2.10E+1"
"614.1887","2.30E+1","311.2076","6.51E+2","192.1098","2.30E+1"
"614.9651","2.20E+1","312.0576","2.40E+1","192.1449","1.37E+1"
"615.7621","2.10E+1","312.1136","4.00E+1","192.2727","2.90E+1"
"617.2726","2.00E+1","312.1485","2.20E+1","192.8545","2.60E+1"
"617.8845","2.80E+1","312.2007","2.32E+2","193.0263","2.10E+1"
"621.0311","3.00E+1","312.2353","1.02E+2","193.0496","9.01E+1"
"622.1572","2.40E+1","312.2716","3.10E+1","193.062","2.50E+1"
"622.4903","2.50E+1","312.4945","2.50E+1","193.1002","1.65E+2"
"623.1202","2.50E+1","313.0708","2.90E+1","193.1624","2.40E+1"
"623.36","2.30E+1","313.1863","9.07E+3","193.9956","3.30E+1"
"624.3611","5.20E+1","313.3795","2.80E+1","194.0826","4.80E+1"
"624.4116","1.24E+2","313.509","2.20E+1","194.1245","1.02E+2"
"625.176","7.90E+1","314.0511","2.20E+1","194.5436","2.60E+1"
"625.422","4.50E+1","314.0811","3.20E+1","194.7624","3.10E+1"
"626.1154","2.80E+1","314.1286","4.30E+1","194.8455","2.10E+1"
"626.1756","3.10E+1","314.1929","8.31E+2","194.9863","2.00E+1"
"627.3691","2.20E+1","314.2501","2.55E+1","195.0389","6.35E+1"
"630.2387","4.90E+1","314.2648","3.10E+1","195.0787","7.20E+2"
"632.2724","3.00E+1","314.4128","2.30E+1","195.1039","9.21E+1"
"632.4877","3.50E+1","315.0922","4.20E+1","195.1457","3.77E+2"
"634.3687","2.00E+1","315.1506","2.40E+1","195.1923","4.30E+1"
"635.8417","3.10E+1","315.183","1.30E+2","195.9659","2.70E+1"
"636.2132","2.00E+1","315.2112","5.10E+1","196.0349","4.90E+1"
"636.3533","4.90E+1","315.663","2.00E+1","196.0557","5.10E+1"
"637.0207","2.80E+1","315.8481","3.50E+1","196.1087","1.02E+3"
"637.315","4.40E+1","316.0453","2.10E+1","196.1418","4.18E+2"
"637.8715","3.00E+1","316.1229","3.00E+1","196.1698","2.39E+1"
"638.193","2.40E+1","316.1424","2.30E+1","197.0287","2.20E+1"
"639.3127","3.30E+1","316.1895","4.00E+1","197.0413","2.10E+1"
"640.1384","2.00E+1","317.1487","2.40E+1","197.0674","2.45E+1"
"640.2326","2.70E+1","317.6842","6.30E+1","197.0847","1.08E+2"
"640.8599","5.60E+1","318.1585","2.00E+1","197.1299","4.10E+3"
"641.3064","2.00E+1","318.1956","2.30E+1","197.1658","1.57E+3"
"641.9075","2.30E+1","318.2127","2.00E+1","197.1979","7.20E+1"
"642.4513","2.10E+1","319.1311","2.00E+1","198.0149","5.20E+1"
"642.6044","2.70E+1","319.1741","2.70E+1","198.084","2.54E+2"
"643.178","2.30E+1","319.6339","2.90E+1","198.1257","3.65E+3"
"643.3615","2.30E+1","321.1057","5.60E+1","198.1682","2.96E+2"
"643.5893","2.70E+1","321.1651","8.70E+1","198.1904","3.98E+1"
"644.1086","2.60E+1","321.1924","2.10E+1","198.2259","2.40E+1"
"644.9056","2.00E+1","322.0494","2.50E+1","199.0713","1.40E+2"
"647.4322","2.20E+1","322.1737","2.90E+1","199.1012","2.03E+2"
"647.5721","2.30E+1","323.1128","2.10E+1","199.1298","4.66E+2"
"647.8948","2.20E+1","323.1311","2.50E+1","199.1552","1.52E+1"
"648.1222","5.50E+1","323.1688","2.30E+1","199.1907","2.10E+1"
"649.1608","2.70E+1","323.239","4.20E+1","200.0135","2.10E+1"
"650.321","2.30E+1","324.1503","2.50E+1","200.052","2.20E+1"
"650.3994","2.60E+1","324.186","4.40E+1","200.0893","4.49E+1"
"650.6095","2.40E+1","324.23","2.20E+1","200.1066","1.65E+1"
"652.0856","2.70E+1","324.2769","4.20E+1","200.1302","6.53E+1"
"652.7439","2.20E+1","325.1778","3.20E+1","200.1774","2.10E+1"
"653.7662","5.40E+1","325.1986","4.70E+1","201.0293","2.20E+1"
"654.2381","5.80E+1","325.2202","2.76E+1","201.0607","1.52E+1"
"656.1746","2.70E+1","325.3825","3.00E+1","201.0989","1.32E+2"
"657.237","2.30E+1","326.0468","2.20E+1","201.1257","1.51E+2"
"658.1867","2.20E+1","326.1988","7.90E+1","202.0415","2.53E+1"
"658.385","2.50E+1","327.066","2.60E+1","202.0822","7.02E+1"
"658.4446","2.00E+1","327.1139","2.30E+1","202.0898","9.15E+1"
"659.1844","4.90E+1","327.1323","4.85E+1","202.1206","3.12E+3"
"660.1715","2.50E+1","327.157","5.11E+1","202.1602","2.48E+1"
"660.33","2.40E+1","327.1837","2.20E+1","202.1805","2.70E+1"
"661.8712","2.60E+1","327.2162","2.60E+1","202.2341","2.20E+1"
"663.4437","2.80E+1","328.0975","2.50E+1","202.2653","4.20E+1"
"663.5059","2.80E+1","328.1344","5.10E+1","202.9459","2.90E+1"
"663.5938","2.10E+1","328.1595","2.10E+1","203.0005","2.20E+1"
"663.9036","3.10E+1","328.2197","1.93E+3","203.0494","3.70E+1"
"666.4432","2.10E+1","329.1438","2.23E+2","203.0727","4.14E+1"
"666.8976","2.10E+1","329.2194","8.49E+2","203.0988","1.72E+2"
"667.3255","2.30E+1","329.7412","2.10E+1","203.1265","1.67E+2"
"667.5785","2.10E+1","330.096","3.30E+1","204.0044","3.30E+1"
"667.7697","2.10E+1","330.1318","2.60E+1","204.0781","2.90E+1"
"667.8145","3.40E+1","330.1499","2.20E+1","204.088","3.43E+1"
"668.1547","2.50E+1","330.1636","2.17E+1","204.0966","1.62E+1"
"668.7128","2.20E+1","330.2047","4.20E+1","205.0506","2.27E+2"
"669.9827","2.10E+1","330.2312","1.75E+2","205.0874","1.16E+2"
"672.5662","7.10E+1","331.0452","2.40E+1","205.1426","2.43E+1"
"673.0911","2.10E+1","331.1413","3.20E+1","206.0537","1.86E+1"
"674.0253","2.20E+1","331.1795","1.51E+2","206.1007","5.92E+0"
"675.1196","2.40E+1","331.2092","2.93E+1","206.1183","1.08E+1"
"675.2481","2.60E+1","331.2221","2.50E+1","207.011","3.80E+1"
"675.8035","3.50E+1","332.1712","4.90E+1","207.0502","1.96E+1"
"676.6085","2.90E+1","333.1561","5.20E+1","207.0623","2.47E+1"
"677.2542","3.30E+1","333.2036","2.10E+1","207.075","1.20E+1"
"677.7744","3.20E+1","334.177","2.70E+1","207.1052","2.20E+2"
"678.181","3.40E+1","335.1829","4.40E+1","207.1535","1.49E+3"
"678.2203","2.26E+1","336.7528","2.40E+1","208.0027","2.40E+1"
"678.3171","7.60E+1","336.955","2.50E+1","208.034","3.20E+1"
"678.9381","3.80E+1","337.0988","5.70E+1","208.0544","2.30E+1"
"679.5991","2.80E+1","337.1263","2.33E+1","208.0873","1.11E+2"
"680.0347","3.70E+1","338.117","4.00E+1","208.108","3.02E+2"
"680.7975","3.30E+1","338.144","5.30E+1","208.1535","2.29E+2"
"681.1637","3.00E+1","338.1805","2.50E+1","209.0595","4.43E+1"
"683.1225","2.80E+1","338.2292","2.10E+1","209.0893","2.34E+2"
"684.2862","2.20E+1","339.0813","2.30E+1","209.1219","2.24E+1"
"684.5759","2.30E+1","339.1179","4.70E+1","209.14","4.21E+0"
"688.154","5.90E+1","339.1706","2.64E+1","209.7995","2.90E+1"
"688.7434","2.20E+1","339.1936","4.50E+1","209.9753","2.90E+1"
"689.1481","2.50E+1","339.2202","2.30E+1","210.091","2.58E+2"
"689.5281","2.10E+1","340.131","8.30E+1","210.1241","3.39E+1"
"690.277","2.30E+1","340.1592","5.24E+1","210.1686","2.20E+1"
"692.3713","2.40E+1","340.1911","8.50E+1","210.5115","2.30E+1"
"693.0189","3.10E+1","341.0879","2.20E+1","211.0767","2.21E+1"
"693.6166","2.50E+1","341.1436","2.23E+1","211.0864","4.28E+1"
"696.1512","2.80E+1","341.1775","3.93E+2","211.1141","1.93E+2"
"697.5613","4.00E+1","341.2291","1.86E+2","211.1534","1.94E+2"
"697.6333","2.40E+1","341.2525","3.83E+2","211.1891","3.00E+1"
"698.2311","5.40E+1","342.1793","6.70E+1","211.5083","2.90E+1"
"698.3641","2.10E+1","342.2427","1.12E+2","212.022","5.00E+1"
"698.8468","2.30E+1","342.2817","2.00E+1","212.0474","7.70E+1"
"699.4128","3.10E+1","342.5791","2.00E+1","212.1012","6.09E+2"
"700.1987","2.80E+1","343.1439","4.50E+1","212.1252","6.05E+1"
"700.7491","2.90E+1","343.1845","2.30E+1","212.1555","3.12E+1"
"701.1529","2.90E+1","343.2096","5.80E+1","212.1788","2.40E+1"
"701.6501","2.60E+1","343.2344","3.70E+1","213.0218","4.10E+1"
"701.8265","2.10E+1","344.1255","2.40E+1","213.0511","5.50E+1"
"702.0078","2.10E+1","344.2005","2.10E+1","213.0903","2.27E+2"
"703.2271","2.10E+1","345.6782","3.00E+1","213.1254","2.31E+1"
"703.3022","7.50E+1","345.9477","2.30E+1","213.1434","1.12E+2"
"704.2496","3.10E+1","346.1237","4.20E+1","213.1657","2.93E+2"
"705.1802","3.10E+1","346.1575","4.60E+1","213.203","3.90E+1"
"706.315","2.70E+1","346.1797","6.64E+1","213.5289","2.30E+1"
"707.1909","2.40E+1","346.1971","1.13E+2","213.7726","4.80E+1"
"707.5784","5.70E+1","346.214","1.10E+2","214.03","2.60E+1"
"707.7519","2.30E+1","347.1904","7.00E+1","214.0929","1.64E+2"
"707.8445","4.80E+1","347.2413","2.70E+1","214.1214","7.92E+1"
"708.7048","5.20E+1","347.3147","3.60E+1","214.1513","2.36E+2"
"708.8225","2.20E+1","348.1992","2.10E+1","214.1674","7.51E+1"
"708.8658","2.50E+1","348.2169","3.30E+1","214.1965","4.20E+2"
"709.1749","2.60E+1","348.3924","2.60E+1","215.0041","2.00E+1"
"709.6464","5.30E+1","349.1737","2.00E+1","215.0278","5.00E+1"
"709.7357","4.70E+1","350.0747","2.20E+1","215.0585","5.10E+1"
"709.8138","2.20E+1","350.1855","1.12E+2","215.102","5.16E+2"
"710.1774","2.10E+1","350.2103","1.12E+2","215.1406","2.65E+2"
"710.3859","2.80E+1","351.0521","2.70E+1","215.1869","3.10E+1"
"711.0876","4.80E+1","351.1488","2.80E+1","215.2045","4.90E+1"
"711.209","3.80E+1","351.1898","7.37E+1","215.263","2.80E+1"
"711.2759","2.00E+1","351.2151","2.03E+1","215.6181","4.60E+1"
"711.6905","5.30E+1","351.7162","2.20E+1","216.0687","6.25E+1"
"712.0224","4.60E+1","351.8499","2.40E+1","216.1343","1.21E+4"
"712.1492","2.10E+1","352.0664","2.50E+1","216.1939","2.90E+1"
"712.3383","4.60E+1","352.0958","3.30E+1","216.8063","2.00E+1"
"712.7485","5.20E+1","352.1796","3.60E+1","217.0225","2.30E+1"
"713.148","2.00E+1","353.0678","2.60E+1","217.0546","6.53E+1"
"713.1923","3.00E+1","353.1049","5.30E+1","217.0813","7.65E+1"
"713.223","5.58E+1","353.2247","7.00E+1","217.1364","1.28E+3"
"713.2761","2.20E+1","353.345","3.20E+1","217.2852","2.20E+1"
"713.3214","2.10E+1","354.0188","3.80E+1","217.3424","4.70E+1"
"713.7793","5.80E+1","354.1443","3.00E+1","217.74","2.30E+1"
"714.3076","3.30E+1","355.1381","2.30E+1","218.0095","2.10E+1"
"714.7485","6.70E+1","355.172","7.40E+1","218.056","7.70E+1"
"715.0096","5.20E+1","355.2328","5.10E+1","218.1399","1.57E+1"
"715.1895","6.70E+1","355.3064","2.10E+1","218.7684","2.40E+1"
"715.5236","2.70E+1","356.0306","2.70E+1","218.8107","6.40E+1"
"715.6535","2.70E+1","356.2261","5.00E+1","218.8976","3.00E+1"
"715.7869","4.50E+1","357.1434","2.95E+2","219.0256","4.40E+1"
"716.0364","2.60E+1","357.1939","3.80E+1","219.0782","6.03E+1"
"716.099","2.60E+1","357.2197","2.30E+1","219.1144","2.54E+1"
"716.3629","1.09E+2","357.338","2.10E+1","219.9561","2.40E+1"
"716.4937","2.70E+1","358.1641","2.00E+1","219.9936","4.20E+1"
"716.552","3.80E+1","358.2058","5.10E+1","220.0417","2.00E+1"
"716.6038","2.90E+1","358.2928","2.20E+1","220.0757","4.21E+1"
"718.3705","2.50E+1","359.1349","2.10E+1","220.1046","5.36E+1"
"718.5258","2.80E+1","359.2662","7.35E+1","220.1437","5.54E+1"
"718.9616","2.80E+1","360.2162","2.20E+1","221.003","3.20E+1"
"720.0193","3.90E+1","361.153","6.60E+1","221.0449","4.97E+1"
"720.3675","2.10E+1","362.1269","3.70E+1","221.0907","5.83E+1"
"721.2607","2.10E+1","362.6726","2.50E+1","221.1209","2.29E+1"
"721.2958","2.80E+1","363.146","2.02E+2","221.1453","2.98E+1"
"722.0991","2.30E+1","364.142","2.06E+2","221.1819","4.90E+1"
"722.2862","2.60E+1","364.2518","2.60E+1","222.0556","2.09E+1"
"722.5117","2.60E+1","365.114","2.60E+1","222.0814","5.22E+1"
"723.3181","2.30E+1","365.1391","2.14E+1","222.0922","2.18E+1"
"723.3513","2.10E+1","365.174","2.20E+1","222.1215","6.14E+1"
"724.1713","2.80E+1","365.1995","2.10E+1","222.1664","3.70E+1"
"724.3243","6.40E+1","365.2467","1.28E+2","222.1865","2.30E+1"
"724.6686","3.60E+1","365.2783","2.70E+1","222.5667","4.10E+1"
"725.4575","5.20E+1","366.1601","2.10E+1","223.0602","9.96E+1"
"725.8151","2.60E+1","366.1719","2.34E+1","223.104","7.85E+1"
"726.1992","2.00E+1","366.1871","8.44E+1","223.1426","1.59E+2"
"726.8766","3.20E+1","367.0635","2.90E+1","223.1773","1.87E+2"
"727.1682","2.60E+1","367.2119","5.20E+1","223.1934","9.80E+1"
"727.2029","2.30E+1","367.2505","3.20E+1","224.0344","2.20E+1"
"727.5363","3.30E+1","368.1927","3.10E+1","224.0566","1.28E+2"
"727.7552","2.30E+1","368.2302","8.30E+1","224.1033","1.84E+2"
"728.1771","2.20E+1","368.7222","2.30E+1","224.1281","1.46E+1"
"728.5753","2.50E+1","369.0147","2.10E+1","224.1762","2.53E+3"
"729.3905","2.40E+1","369.1092","5.10E+1","224.6791","3.10E+1"
"729.5422","2.40E+1","369.1813","3.46E+2","225.0175","2.40E+1"
"729.7468","2.80E+1","369.2445","4.37E+2","225.0627","3.85E+1"
"730.047","2.40E+1","369.6016","2.60E+1","225.0916","1.61E+2"
"735.0019","2.10E+1","370.1686","5.80E+1","225.1306","7.19E+1"
"735.348","2.20E+1","370.2466","8.15E+1","225.168","6.34E+2"
"735.6902","2.10E+1","370.2622","2.30E+1","225.9892","2.00E+1"
"736.194","2.30E+1","371.1325","5.80E+1","226.0351","3.20E+1"
"736.3038","2.20E+1","371.1661","2.60E+1","226.0723","2.25E+2"
"736.6896","6.80E+1","371.2141","2.00E+1","226.1186","2.48E+3"
"736.7172","2.20E+1","371.4899","2.20E+1","226.1504","2.59E+1"
"737.021","5.30E+1","372.0693","2.20E+1","226.174","2.60E+1"
"737.3309","3.00E+1","372.5305","2.20E+1","226.1833","2.20E+1"
"737.5203","2.50E+1","374.1835","9.70E+1","226.2079","2.20E+1"
"738.2423","5.70E+1","374.5921","2.20E+1","227.0334","2.10E+1"
"738.2899","1.23E+2","375.1375","2.10E+1","227.0719","4.80E+1"
"738.3302","4.90E+1","375.1672","2.90E+1","227.0829","6.20E+1"
"739.1718","5.70E+1","376.1692","2.30E+1","227.1234","1.39E+2"
"739.3324","4.75E+2","376.2404","4.20E+1","227.1539","4.50E+1"
"739.7114","2.40E+1","376.3024","3.70E+1","227.1698","5.90E+1"
"740.1923","2.20E+1","377.125","2.00E+1","227.1999","2.20E+1"
"740.2274","2.90E+1","377.1667","5.30E+1","227.2352","9.40E+1"
"740.3243","1.20E+2","377.2323","2.40E+1","228.0722","2.88E+1"
"740.3571","4.80E+1","378.0063","2.20E+1","228.1033","3.72E+2"
"740.4712","2.10E+1","378.1701","2.10E+1","228.1308","1.37E+2"
"740.8929","3.60E+1","379.0815","2.40E+1","228.1842","4.60E+1"
"741.1672","3.20E+1","379.1568","2.40E+1","228.362","4.10E+1"
"741.2267","4.40E+1","379.2276","2.20E+1","229.0519","1.23E+2"
"741.2937","7.90E+1","380.0551","2.40E+1","229.0863","7.60E+1"
"742.1337","1.40E+2","380.0769","2.20E+1","229.1081","7.12E+1"
"742.2743","2.10E+1","380.1885","2.10E+1","229.1545","3.06E+3"
"742.2969","2.10E+1","380.2152","2.70E+1","229.2902","4.00E+1"
"742.3245","2.70E+1","381.0197","2.10E+1","229.5737","3.80E+1"
"742.5974","3.60E+1","381.065","2.30E+1","230.0873","7.31E+1"
"742.6647","2.10E+1","381.0964","5.30E+1","230.1138","1.52E+2"
"742.713","1.18E+2","381.123","3.20E+1","230.1497","1.74E+2"
"742.7638","1.25E+2","381.1693","2.10E+1","230.17","1.63E+2"
"742.8792","1.67E+2","381.2668","2.40E+1","230.5013","2.10E+1"
"742.9412","6.60E+1","381.3016","3.00E+1","231.0414","5.48E+1"
"743.2034","2.50E+1","382.1731","8.68E+1","231.0636","8.62E+1"
"743.4404","9.10E+1","382.201","2.02E+1","231.1069","2.13E+2"
"743.6592","5.50E+1","382.2685","9.00E+1","231.1421","7.32E+1"
"743.6978","4.24E+1","382.3026","3.20E+1","231.1827","3.20E+1"
"743.7306","3.60E+1","382.9426","2.10E+1","231.9503","2.00E+1"
"744.0043","6.90E+1","383.1024","2.70E+1","232.0612","2.04E+1"
"744.2243","3.60E+1","383.2088","5.30E+1","232.113","3.14E+1"
"744.3863","3.20E+1","384.1998","2.10E+1","232.1296","2.31E+0"
"744.4364","3.80E+1","384.264","4.60E+1","233.0667","3.18E+1"
"744.6644","3.90E+1","385.1063","2.30E+1","233.0886","2.39E+1"
"744.7597","6.10E+1","385.2399","2.90E+1","233.117","3.25E+2"
"744.9606","3.70E+1","385.2713","2.20E+1","233.172","6.48E+1"
"745.1857","2.30E+1","386.0433","2.40E+1","233.1996","2.50E+1"
"745.6807","2.80E+1","386.128","2.10E+1","233.6087","2.60E+1"
"745.718","2.20E+1","386.1805","2.30E+1","234.0133","3.80E+1"
"745.8458","5.10E+1","387.0658","4.70E+1","234.0664","1.57E+1"
"746.5422","2.50E+1","387.1361","2.30E+1","234.0852","1.93E+1"
"746.8439","4.40E+1","387.2061","2.40E+1","234.1048","2.74E+1"
"747.0822","2.10E+1","387.3584","4.90E+1","234.1546","2.81E+1"
"747.7177","3.50E+1","389.2363","2.20E+1","234.1717","2.08E+1"
"747.8605","8.90E+1","390.1405","2.57E+1","235.1071","1.63E+1"
"748.2179","2.80E+1","390.1526","2.19E+1","235.1247","4.87E+1"
"748.6133","2.60E+1","390.171","5.40E+1","235.2205","2.60E+1"
"748.7325","6.30E+1","390.2116","2.10E+1","236.0947","5.17E+1"
"748.7627","2.10E+1","390.272","3.40E+1","236.1368","7.43E+2"
"748.9205","2.60E+1","391.1387","4.00E+1","236.1717","2.11E+1"
"748.9534","2.60E+1","391.2387","3.00E+1","236.5573","2.10E+1"
"749.2124","2.00E+1","391.5577","2.30E+1","237.0758","5.80E+1"
"749.2452","2.40E+1","391.7527","6.20E+1","237.0978","5.47E+1"
"749.4617","2.10E+1","392.0276","2.90E+1","237.1299","1.49E+2"
"749.7134","5.30E+1","392.0815","2.70E+1","237.1945","7.39E+2"
"749.8246","2.20E+1","392.9163","2.20E+1","237.9861","3.10E+1"
"750.1666","4.15E+1","393.1346","4.80E+1","238.0359","1.24E+2"
"750.1872","2.00E+1","393.1693","7.00E+1","238.0808","1.28E+2"
"750.2154","2.50E+1","393.206","2.70E+1","238.1201","1.34E+2"
"750.3235","2.70E+1","393.2552","2.24E+2","238.1523","2.44E+2"
"750.5924","2.90E+1","393.2975","3.10E+1","238.1994","1.57E+2"
"750.6964","3.00E+1","394.2472","1.07E+3","239.0453","2.06E+1"
"750.7311","4.90E+1","395.1463","7.20E+1","239.0635","1.22E+2"
"750.8356","2.60E+1","395.1853","2.20E+1","239.1167","2.67E+2"
"751.0696","2.40E+1","395.2621","8.84E+1","239.1477","1.84E+2"
"751.1555","7.90E+1","395.2868","3.96E+1","239.2126","2.10E+1"
"751.2372","1.35E+2","395.3161","6.46E+1","239.2341","2.80E+1"
"751.4355","2.40E+1","395.3406","3.20E+1","239.9928","2.60E+1"
"751.4963","4.50E+1","396.0518","5.00E+1","240.0706","1.62E+1"
"751.5405","2.10E+1","396.0945","2.40E+1","240.0965","1.06E+2"
"751.6534","3.50E+1","396.2113","5.80E+1","240.1452","2.19E+2"
"751.8434","6.70E+1","396.2466","3.50E+1","240.8692","1.34E+2"
"752.1719","3.50E+1","397.066","2.30E+1","241.0379","1.18E+2"
"753.1782","2.00E+1","397.1122","5.50E+1","241.0597","8.26E+1"
"753.8143","2.50E+1","397.1573","2.90E+1","241.1074","1.80E+2"
"753.9839","2.30E+1","397.2361","2.20E+1","241.1477","7.73E+2"
"754.1393","3.20E+1","397.488","2.90E+1","241.1694","1.26E+2"
"754.2022","2.60E+1","398.1266","2.00E+1","241.3693","2.50E+1"
"754.3592","5.60E+1","398.2035","6.20E+1","241.9544","4.10E+1"
"754.5247","5.00E+1","398.2351","7.50E+1","242.0612","2.10E+1"
"754.7143","8.30E+1","398.2775","1.01E+2","242.1046","9.03E+1"
"754.8749","2.80E+1","398.7122","2.30E+1","242.1434","2.53E+1"
"754.9039","2.20E+1","399.0003","3.10E+1","242.1804","6.13E+2"
"755.018","3.20E+1","399.1825","2.10E+1","242.2047","9.59E+1"
"755.1064","4.90E+1","399.2066","2.10E+1","242.5725","4.00E+1"
"755.1859","6.30E+1","399.9047","2.40E+1","243.0027","2.60E+1"
"755.3705","2.10E+1","400.0633","2.30E+1","243.0489","2.50E+1"
"755.4681","5.60E+1","400.1216","2.80E+1","243.0702","3.38E+1"
"755.6979","2.70E+1","400.1644","2.00E+1","243.0913","9.20E+1"
"755.7746","2.90E+1","400.1913","2.20E+1","243.1158","1.15E+2"
"755.8045","2.50E+1","400.2859","6.29E+1","243.1773","2.64E+2"
"755.8268","2.50E+1","400.3163","6.20E+1","244.0376","2.60E+1"
"755.8822","8.00E+1","400.3861","8.00E+1","244.0738","2.90E+1"
"756.0062","2.20E+1","401.2124","5.30E+1","244.0947","2.20E+1"
"756.0395","3.00E+1","401.2507","2.20E+1","244.1249","6.93E+1"
"756.1754","7.34E+2","401.2907","2.60E+1","244.1762","1.62E+1"
"756.3104","2.47E+3","402.1074","8.70E+1","245.0349","3.80E+1"
"756.3474","1.17E+3","403.1078","2.10E+1","245.0608","5.98E+1"
"756.3873","1.92E+3","403.2245","1.82E+1","245.1073","1.58E+1"
"756.4711","1.15E+3","403.2503","7.18E+1","245.1262","1.91E+1"
"756.6326","5.76E+1","404.0447","2.10E+1","246.0428","2.50E+1"
"756.7159","1.33E+2","404.093","2.10E+1","246.0769","3.10E+1"
"756.769","1.27E+2","404.1644","6.20E+1","246.0931","1.38E+1"
"756.8574","4.95E+2","404.3001","4.60E+1","246.1246","1.51E+2"
"756.9548","1.04E+2","404.4319","2.00E+1","246.1483","2.09E+1"
"757.0413","8.50E+1","404.652","3.70E+1","246.1833","1.71E+1"
"757.157","7.26E+2","405.0123","2.30E+1","246.6246","3.20E+1"
"757.2184","8.80E+2","405.2226","3.30E+1","246.8363","2.30E+1"
"757.3257","1.27E+4","405.2581","2.20E+1","247.0165","8.80E+1"
"757.4501","7.85E+5","406.1125","2.50E+1","247.058","3.16E+2"
"757.6608","1.25E+3","406.1693","3.10E+1","247.1397","2.58E+1"
"757.7303","4.67E+2","406.2069","4.90E+1","248.0488","2.20E+1"
"757.7951","6.35E+2","407.0833","1.19E+2","248.073","3.31E+1"
"757.8775","9.62E+2","407.1673","2.00E+1","248.1438","6.77E+1"
"757.9844","1.88E+2","407.1989","2.10E+1","248.1737","5.82E+1"
"758.0936","1.16E+2","407.2382","2.20E+1","248.6976","2.20E+1"
"758.1739","1.42E+3","407.9908","6.50E+1","248.8509","6.00E+1"
"758.3068","4.80E+3","408.2579","1.91E+3","249.0626","2.70E+1"
"758.4526","3.18E+5","408.5426","2.70E+1","249.09","6.61E+1"
"758.675","4.86E+2","408.6269","3.20E+1","249.1048","1.67E+1"
"758.7552","8.81E+2","409.0888","8.00E+1","249.126","7.53E+0"
"758.8672","7.24E+2","409.248","9.53E+1","249.1582","2.67E+2"
"758.9384","2.80E+2","409.2716","1.33E+2","249.1772","6.43E+1"
"758.9824","9.36E+1","410.1328","3.80E+1","249.6191","2.20E+1"
"759.0279","3.97E+1","410.2449","1.50E+2","250.0168","2.00E+1"
"759.1772","9.17E+2","410.2839","1.44E+2","250.0395","4.50E+1"
"759.3318","4.54E+3","410.3005","2.10E+1","250.0775","1.28E+2"
"759.4532","5.55E+4","410.5639","3.00E+1","250.1141","1.44E+2"
"759.6413","5.68E+1","411.1976","3.05E+1","250.152","3.22E+2"
"759.7089","4.74E+2","411.2146","6.92E+1","250.198","2.00E+1"
"759.8473","6.32E+2","411.2551","2.79E+2","251.02","2.20E+1"
"759.9178","3.22E+2","411.9765","2.80E+1","251.0583","4.50E+1"
"760.0321","3.50E+1","412.034","4.20E+1","251.1033","1.22E+2"
"760.116","6.39E+1","412.0946","4.40E+1","251.1415","1.46E+2"
"760.2012","6.75E+2","412.1389","6.50E+1","251.1738","1.31E+2"
"760.2892","8.74E+2","412.1718","3.20E+1","251.2062","1.11E+2"
"760.361","1.42E+3","412.2524","1.65E+4","251.3256","2.20E+1"
"760.4529","1.21E+4","412.3302","7.20E+1","252.0095","2.90E+1"
"760.5862","4.00E+1","412.3597","4.70E+1","252.053","4.60E+1"
"760.6765","1.50E+2","412.4278","6.70E+1","252.0972","1.28E+1"
"760.7709","1.97E+2","412.492","2.60E+1","252.1359","7.21E+1"
"760.8333","1.73E+2","412.8441","2.20E+1","252.1693","3.99E+2"
"760.8799","2.77E+2","413.1914","3.00E+1","252.3231","3.40E+1"
"761.0437","4.30E+1","413.2527","2.68E+3","252.5303","2.40E+1"
"761.1949","2.70E+1","413.3578","7.93E+1","253.0556","2.70E+1"
"761.3014","2.18E+2","414.0832","4.10E+1","253.0689","3.09E+1"
"761.3962","2.40E+1","414.179","2.20E+1","253.0792","2.43E+1"
"761.4423","2.20E+1","414.2181","2.59E+2","253.106","4.39E+1"
"761.5458","2.00E+1","414.2661","2.28E+2","253.1237","4.14E+1"
"761.6619","6.10E+1","415.2067","4.80E+1","253.159","3.98E+2"
"761.8087","1.08E+2","415.8241","2.30E+1","253.1928","3.60E+1"
"762.0103","4.90E+1","416.2031","2.50E+1","254.0232","8.50E+1"
"762.0834","2.70E+1","416.8043","2.60E+1","254.0784","1.96E+1"
"762.1297","2.10E+1","417.1674","3.70E+1","254.1158","7.27E+1"
"762.343","2.10E+1","417.214","2.60E+1","254.1477","3.55E+2"
"762.7108","2.10E+1","418.8093","2.00E+1","254.1798","2.10E+1"
"762.9075","4.30E+1","419.0686","3.40E+1","255.0062","5.70E+1"
"763.2308","5.60E+1","419.0983","2.10E+1","255.037","2.20E+1"
"764.2874","2.20E+1","419.1422","2.10E+1","255.0691","2.15E+2"
"764.3302","2.10E+1","419.1846","2.50E+1","255.107","1.60E+2"
"764.3645","3.40E+1","419.4608","3.20E+1","255.1315","8.66E+1"
"764.4882","4.40E+1","420.2626","8.40E+1","255.1524","1.11E+2"
"764.6708","2.40E+1","421.0882","2.70E+1","255.939","1.15E+2"
"764.7371","2.00E+1","421.2273","3.40E+1","255.9574","2.00E+1"
"765.9373","3.80E+1","421.2561","2.10E+1","256.0939","8.63E+0"
"766.1458","2.40E+1","421.5851","2.40E+1","256.1208","3.85E+1"
"766.593","4.80E+1","421.7876","2.40E+1","256.1453","5.83E+1"
"766.6981","2.50E+1","422.0799","3.50E+1","256.1762","1.81E+2"
"767.8478","3.20E+1","422.2626","2.20E+1","257.0416","3.79E+2"
"768.2896","2.10E+1","422.3341","2.10E+1","257.0776","8.26E+1"
"768.6428","2.10E+1","423.046","7.30E+1","257.1134","9.87E+1"
"768.6891","2.70E+1","423.0843","2.60E+1","257.1533","8.67E+0"
"770.2334","2.40E+1","423.1655","4.50E+1","257.1771","1.26E+1"
"770.8743","2.30E+1","423.3004","4.80E+1","257.2066","2.20E+1"
"771.3286","2.60E+1","423.5789","2.40E+1","258.0174","2.30E+1"
"773.6212","2.20E+1","424.1509","1.68E+2","258.0536","1.98E+1"
"774.7829","2.20E+1","424.2135","2.20E+1","258.0709","2.51E+1"
"775.4667","2.10E+1","424.2479","2.30E+1","258.0957","5.90E+1"
"776.8114","3.30E+1","424.9777","2.10E+1","258.541","2.10E+1"
"777.1418","2.40E+1","425.0356","2.10E+1","259.0183","2.40E+1"
"777.2523","2.40E+1","425.1042","7.10E+1","259.063","1.02E+3"
"777.2849","2.00E+1","425.2276","4.40E+1","259.0972","2.37E+2"
"777.5025","2.10E+1","425.5421","3.40E+1","259.1559","8.34E+0"
"777.9824","2.20E+1","426.1565","6.70E+1","260.0479","8.84E+1"
"779.5428","2.40E+1","426.2708","2.82E+3","260.0693","9.22E+1"
"779.6546","3.30E+1","427.0687","2.20E+1","260.0923","1.77E+1"
"","","","","260.123","3.77E+1"
"","","","","260.1623","4.54E+1"
"","","","","260.2012","9.40E+1"
"","","","","260.2236","2.36E+1"
"","","","","260.7787","2.10E+1"
"","","","","261.0651","3.00E+1"
"","","","","261.1255","7.77E+1"
"","","","","261.1718","3.39E+1"
"","","","","261.1855","7.15E+1"
"","","","","262.0408","2.50E+1"
"","","","","262.0754","2.68E+1"
"","","","","262.0972","1.62E+1"
"","","","","262.104","3.69E+1"
"","","","","262.1186","4.55E+1"
"","","","","262.1329","3.89E+1"
"","","","","262.1674","1.24E+2"
"","","","","262.1981","2.20E+1"
"","","","","262.4193","2.40E+1"
"","","","","262.5056","2.70E+1"
"","","","","263.105","6.82E+1"
"","","","","263.168","1.00E+1"
"","","","","263.3339","2.10E+1"
"","","","","264.0537","2.60E+1"
"","","","","264.0862","8.57E+1"
"","","","","264.1312","2.63E+2"
"","","","","264.1682","3.93E+2"
"","","","","264.9926","2.40E+1"
"","","","","265.0504","7.80E+1"
"","","","","265.0775","2.33E+1"
"","","","","265.123","2.37E+2"
"","","","","265.1693","2.14E+1"
"","","","","265.188","4.76E+1"
"","","","","265.2139","1.06E+2"
"","","","","265.4116","4.60E+1"
"","","","","265.5509","2.90E+1"
"","","","","265.7532","2.80E+1"
"","","","","266.0116","6.80E+1"
"","","","","266.0617","5.10E+1"
"","","","","266.0867","2.04E+1"
"","","","","266.114","2.06E+2"
"","","","","266.1621","6.14E+2"
"","","","","266.2003","8.48E+1"
"","","","","266.9517","3.20E+1"
"","","","","267.0183","1.36E+2"
"","","","","267.0579","5.80E+1"
"","","","","267.0768","7.10E+1"
"","","","","267.1139","1.10E+2"
"","","","","267.1635","8.11E+2"
"","","","","267.222","2.10E+1"
"","","","","267.254","2.40E+1"
"","","","","267.7443","2.50E+1"
"","","","","268.0146","2.10E+1"
"","","","","268.0646","1.02E+2"
"","","","","268.1069","9.89E+1"
"","","","","268.1396","1.45E+2"
"","","","","268.1658","3.10E+2"
"","","","","268.2422","2.70E+1"
"","","","","269.0242","3.03E+1"
"","","","","269.0468","2.93E+2"
"","","","","269.0676","3.65E+1"
"","","","","269.0967","6.62E+1"
"","","","","269.1234","1.78E+2"
"","","","","269.1591","1.49E+2"
"","","","","269.6226","3.90E+1"
"","","","","270.021","2.61E+1"
"","","","","270.0466","9.40E+1"
"","","","","270.1167","8.69E+1"
"","","","","270.1366","1.83E+2"
"","","","","270.1835","7.10E+2"
"","","","","271.041","3.90E+1"
"","","","","271.0544","8.51E+1"
"","","","","271.0788","7.92E+1"
"","","","","271.1188","2.40E+1"
"","","","","271.1457","1.21E+1"
"","","","","271.1887","1.34E+2"
"","","","","272.04","2.50E+1"
"","","","","272.0814","6.50E+1"
"","","","","272.525","2.00E+1"
"","","","","273.0498","7.15E+1"
"","","","","273.0803","2.19E+2"
"","","","","273.1304","1.60E+2"
"","","","","273.5084","2.10E+1"
"","","","","273.9711","2.20E+1"
"","","","","274.0115","2.40E+1"
"","","","","274.0815","1.29E+2"
"","","","","274.1142","1.13E+2"
"","","","","274.1661","3.89E+1"
"","","","","274.2001","2.40E+1"
"","","","","275.0476","4.21E+1"
"","","","","275.0694","4.60E+1"
"","","","","275.106","2.40E+1"
"","","","","275.4987","2.00E+1"
"","","","","276.0724","1.79E+1"
"","","","","276.1305","5.78E+1"
"","","","","276.1697","5.84E+2"
"","","","","277.0735","3.72E+2"
"","","","","277.1138","9.22E+1"
"","","","","277.1577","3.16E+2"
"","","","","277.1733","8.71E+1"
"","","","","277.2062","2.10E+1"
"","","","","277.8708","2.20E+1"
"","","","","277.996","3.00E+1"
"","","","","278.0468","1.91E+1"
"","","","","278.0758","6.94E+1"
"","","","","278.1111","2.50E+1"
"","","","","278.1245","2.76E+1"
"","","","","278.1507","3.72E+1"
"","","","","278.1719","7.25E+1"
"","","","","278.226","1.19E+2"
"","","","","278.295","3.00E+1"
"","","","","279.042","5.04E+1"
"","","","","279.0579","1.54E+1"
"","","","","279.0912","9.08E+1"
"","","","","279.1121","1.61E+1"
"","","","","279.1481","1.65E+1"
"","","","","279.1869","8.10E+1"
"","","","","280.006","2.50E+1"
"","","","","280.0779","2.55E+1"
"","","","","280.0892","3.97E+1"
"","","","","280.1082","7.58E+1"
"","","","","280.1413","1.78E+2"
"","","","","280.1828","1.70E+1"
"","","","","281.0231","3.40E+1"
"","","","","281.0518","4.38E+1"
"","","","","281.0844","6.32E+1"
"","","","","281.1256","1.00E+2"
"","","","","281.1524","1.91E+2"
"","","","","281.2023","1.48E+2"
"","","","","282.0286","5.07E+1"
"","","","","282.0561","5.11E+1"
"","","","","282.0818","2.68E+1"
"","","","","282.1177","7.10E+1"
"","","","","282.143","1.72E+1"
"","","","","282.1787","3.62E+1"
"","","","","282.2143","2.40E+1"
"","","","","282.6682","3.50E+1"
"","","","","283.0585","6.65E+2"
"","","","","283.1152","2.50E+1"
"","","","","283.152","8.42E+1"
"","","","","283.1703","1.56E+2"
"","","","","283.2168","1.93E+2"
"","","","","284.0439","1.97E+1"
"","","","","284.0546","2.23E+1"
"","","","","284.0668","7.95E+1"
"","","","","284.0955","4.40E+1"
"","","","","284.1583","1.29E+3"
"","","","","284.2123","8.70E+1"
"","","","","284.7691","2.70E+1"
"","","","","285.0394","4.47E+1"
"","","","","285.0743","8.12E+1"
"","","","","285.1163","2.54E+1"
"","","","","285.1385","2.79E+1"
"","","","","285.1493","5.47E+1"
"","","","","285.167","7.40E+1"
"","","","","285.2173","4.70E+1"
"","","","","285.4032","2.30E+1"
"","","","","285.7292","3.30E+1"
"","","","","286.0704","4.68E+1"
"","","","","286.0883","2.07E+1"
"","","","","286.1129","3.11E+1"
"","","","","286.1619","8.63E+1"
"","","","","286.1839","2.99E+1"
"","","","","286.2016","2.20E+1"
"","","","","287.0457","9.21E+1"
"","","","","287.0699","9.62E+1"
"","","","","287.1158","4.75E+1"
"","","","","287.335","2.90E+1"
"","","","","288.0456","4.60E+1"
"","","","","288.0966","1.99E+1"
"","","","","288.1217","6.10E+1"
"","","","","288.1571","8.95E+0"
"","","","","288.2206","2.40E+1"
"","","","","288.9182","2.10E+1"
"","","","","289.0544","8.94E+1"
"","","","","289.0827","2.43E+2"
"","","","","289.114","2.28E+1"
"","","","","289.1287","5.53E+1"
"","","","","289.1991","2.54E+1"
"","","","","290.0537","4.30E+1"
"","","","","290.1091","4.25E+1"
"","","","","290.1953","5.46E+0"
"","","","","291.0126","5.50E+1"
"","","","","291.0465","6.39E+1"
"","","","","291.069","1.04E+2"
"","","","","291.1003","7.77E+1"
"","","","","291.1186","4.40E+1"
"","","","","291.1403","3.22E+1"
"","","","","291.1834","3.52E+2"
"","","","","292.0463","2.50E+1"
"","","","","292.0945","1.22E+2"
"","","","","292.1456","7.09E+1"
"","","","","292.2514","3.20E+1"
"","","","","293.0022","2.30E+1"
"","","","","293.0976","4.82E+1"
"","","","","293.1216","1.06E+2"
"","","","","293.1973","1.08E+3"
"","","","","293.3465","2.30E+1"
"","","","","293.442","4.10E+1"
"","","","","294.0243","3.20E+1"
"","","","","294.057","3.70E+1"
"","","","","294.087","1.77E+2"
"","","","","294.1215","4.92E+1"
"","","","","294.1313","1.05E+2"
"","","","","294.1788","9.71E+2"
"","","","","294.3141","6.30E+1"
"","","","","295.0475","6.40E+1"
"","","","","295.0775","1.21E+2"
"","","","","295.1035","2.46E+2"
"","","","","295.1311","8.02E+1"
"","","","","295.1785","1.59E+3"
"","","","","295.3916","3.10E+1"
"","","","","296.0437","7.90E+1"
"","","","","296.0829","3.58E+1"
"","","","","296.1263","1.82E+2"
"","","","","296.1608","3.20E+2"
"","","","","296.1984","2.48E+1"
"","","","","296.2403","2.30E+1"
"","","","","296.5403","5.40E+1"
"","","","","296.9654","2.70E+1"
"","","","","297.0224","1.30E+1"
"","","","","297.0523","2.57E+2"
"","","","","297.1009","2.45E+1"
"","","","","297.1473","5.33E+1"
"","","","","297.1746","1.41E+2"
"","","","","297.2167","5.15E+1"
"","","","","297.2508","2.60E+1"
"","","","","298.0962","9.73E+1"
"","","","","298.1428","6.21E+1"
"","","","","298.164","1.75E+2"
"","","","","298.1918","2.18E+1"
"","","","","298.5775","3.30E+1"
"","","","","298.9625","2.20E+1"
"","","","","299.0562","7.97E+2"
"","","","","299.1431","5.78E+2"
"","","","","299.2101","9.29E+1"
"","","","","299.2272","5.13E+1"
"","","","","299.2332","2.51E+1"
"","","","","299.2741","2.20E+1"
"","","","","299.9984","4.90E+1"
"","","","","300.0582","1.10E+2"
"","","","","300.135","1.40E+2"
"","","","","300.1575","3.39E+1"
"","","","","300.2079","2.26E+1"
"","","","","300.2512","2.40E+1"
"","","","","301.0129","2.50E+1"
"","","","","301.0719","5.31E+1"
"","","","","301.1194","7.62E+1"
"","","","","301.1461","2.72E+1"
"","","","","301.1845","1.15E+2"
"","","","","301.2166","4.43E+2"
"","","","","301.4752","2.30E+1"
"","","","","302.0361","2.10E+1"
"","","","","302.0805","2.28E+1"
"","","","","302.1007","5.46E+1"
"","","","","302.1153","1.95E+1"
"","","","","302.1764","4.84E+0"
"","","","","302.2012","1.51E+1"
"","","","","302.2335","5.30E+1"
"","","","","303.0383","2.50E+1"
"","","","","303.0841","2.09E+1"
"","","","","303.1344","4.17E+1"
"","","","","303.178","1.51E+2"
"","","","","304.108","1.97E+1"
"","","","","304.1426","3.76E+1"
"","","","","304.9105","2.10E+1"
"","","","","304.9355","2.20E+1"
"","","","","304.98","2.00E+1"
"","","","","305.0364","2.40E+1"
"","","","","305.0977","5.33E+1"
"","","","","305.1256","2.60E+1"
"","","","","305.1374","2.02E+1"
"","","","","305.1656","7.77E+1"
"","","","","305.9991","3.20E+1"
"","","","","306.1042","4.17E+1"
"","","","","306.1521","2.68E+1"
"","","","","306.2134","2.15E+2"
"","","","","306.2416","2.09E+1"
"","","","","306.8779","2.90E+1"
"","","","","307.0793","1.43E+2"
"","","","","307.1062","2.07E+1"
"","","","","307.1331","2.63E+1"
"","","","","307.1794","9.01E+1"
"","","","","307.2054","2.96E+1"
"","","","","307.2301","2.00E+1"
"","","","","307.9972","2.10E+1"
"","","","","308.0307","3.70E+1"
"","","","","308.0786","7.65E+1"
"","","","","308.12","2.66E+1"
"","","","","308.1457","3.38E+1"
"","","","","308.1574","8.96E+1"
"","","","","308.1775","1.10E+2"
"","","","","308.2297","2.80E+1"
"","","","","308.5906","3.00E+1"
"","","","","309.0312","8.90E+1"
"","","","","309.0672","1.49E+2"
"","","","","309.1137","2.06E+2"
"","","","","309.1846","3.25E+2"
"","","","","309.9975","2.10E+1"
"","","","","310.0394","4.40E+1"
"","","","","310.0598","4.90E+1"
"","","","","310.0993","1.54E+2"
"","","","","310.1303","2.68E+1"
"","","","","310.1815","5.58E+1"
"","","","","310.2074","7.64E+1"
"","","","","310.8219","2.00E+1"
"","","","","311.0293","1.08E+2"
"","","","","311.0601","3.02E+2"
"","","","","311.0973","1.15E+2"
"","","","","311.138","1.45E+2"
"","","","","311.2067","2.69E+3"
"","","","","312.0574","8.00E+1"
"","","","","312.1189","1.06E+2"
"","","","","312.1447","6.60E+1"
"","","","","312.1762","8.90E+1"
"","","","","312.2029","3.08E+2"
"","","","","312.3153","2.70E+1"
"","","","","312.5379","2.40E+1"
"","","","","313.063","5.30E+2"
"","","","","313.1089","6.80E+1"
"","","","","313.1863","1.00E+4"
"","","","","313.2652","2.92E+2"
"","","","","313.3099","4.90E+1"
"","","","","313.8214","2.60E+1"
"","","","","314.0708","1.55E+2"
"","","","","314.0927","3.80E+1"
"","","","","314.1329","1.08E+2"
"","","","","314.1894","1.66E+3"
"","","","","314.2622","3.20E+1"
"","","","","314.4691","2.50E+1"
"","","","","315.0545","2.10E+1"
"","","","","315.1926","4.13E+2"
"","","","","315.2231","2.16E+1"
"","","","","316.0376","2.20E+1"
"","","","","316.0611","4.70E+1"
"","","","","316.0923","3.00E+1"
"","","","","316.1106","5.79E+1"
"","","","","316.1225","1.99E+1"
"","","","","316.1552","8.20E+1"
"","","","","316.1738","2.90E+1"
"","","","","316.2108","4.30E+1"
"","","","","316.3253","4.80E+1"
"","","","","316.5281","3.60E+1"
"","","","","316.5557","2.10E+1"
"","","","","316.6125","3.50E+1"
"","","","","316.9935","5.80E+1"
"","","","","317.0384","4.60E+1"
"","","","","317.0837","8.90E+1"
"","","","","317.1435","8.69E+0"
"","","","","317.1775","2.53E+0"
"","","","","317.2647","2.20E+1"
"","","","","317.3271","2.90E+1"
"","","","","318.1547","4.30E+0"
"","","","","318.9601","2.20E+2"
"","","","","319.008","2.40E+1"
"","","","","319.124","6.90E+0"
"","","","","319.1657","2.34E+1"
"","","","","319.9379","2.00E+1"
"","","","","320.1112","1.23E+1"
"","","","","320.1411","5.45E+0"
"","","","","320.1806","3.54E+1"
"","","","","321.0781","6.80E+1"
"","","","","321.1278","7.62E+1"
"","","","","321.1873","5.62E+2"
"","","","","321.2402","2.80E+1"
"","","","","321.5456","3.40E+1"
"","","","","321.998","2.10E+1"
"","","","","322.078","4.90E+1"
"","","","","322.1082","5.40E+1"
"","","","","322.1656","4.83E+1"
"","","","","322.1818","1.40E+2"
"","","","","322.198","1.40E+2"
"","","","","322.2075","4.39E+1"
"","","","","322.2318","2.64E+1"
"","","","","323.0211","2.10E+1"
"","","","","323.0555","4.12E+2"
"","","","","323.1276","5.20E+1"
"","","","","323.1549","4.80E+1"
"","","","","323.1841","5.80E+1"
"","","","","323.2447","4.00E+2"
"","","","","324.0578","8.50E+1"
"","","","","324.0819","4.90E+1"
"","","","","324.113","1.08E+2"
"","","","","324.151","5.85E+1"
"","","","","324.1757","2.60E+1"
"","","","","324.225","2.80E+2"
"","","","","324.255","5.99E+1"
"","","","","324.2998","2.50E+1"
"","","","","325.0647","1.82E+2"
"","","","","325.0868","1.41E+2"
"","","","","325.1266","1.48E+2"
"","","","","325.1774","7.92E+1"
"","","","","325.192","2.37E+2"
"","","","","325.2317","5.71E+1"
"","","","","325.2469","3.00E+1"
"","","","","326.07","4.30E+1"
"","","","","326.1521","4.20E+1"
"","","","","326.2124","2.30E+1"
"","","","","326.4686","3.50E+1"
"","","","","327.026","2.50E+1"
"","","","","327.0742","9.06E+1"
"","","","","327.1366","1.58E+2"
"","","","","327.1738","2.29E+1"
"","","","","327.2085","1.32E+2"
"","","","","327.2395","4.70E+1"
"","","","","327.969","3.20E+1"
"","","","","328.0604","2.50E+1"
"","","","","328.1041","2.50E+1"
"","","","","328.1736","2.31E+1"
"","","","","328.1837","2.55E+1"
"","","","","328.2202","1.50E+2"
"","","","","329.064","1.28E+2"
"","","","","329.1489","4.83E+2"
"","","","","329.2218","1.42E+3"
"","","","","329.6984","3.00E+1"
"","","","","330.0226","2.10E+1"
"","","","","330.0642","2.90E+1"
"","","","","330.0812","2.60E+1"
"","","","","330.1165","2.70E+1"
"","","","","330.1509","2.94E+2"
"","","","","330.2197","4.20E+2"
"","","","","330.2703","2.60E+1"
"","","","","330.5315","2.30E+1"
"","","","","330.6221","4.50E+1"
"","","","","331.0807","2.50E+1"
"","","","","331.1147","3.60E+1"
"","","","","331.1473","6.30E+1"
"","","","","331.2044","9.40E+1"
"","","","","331.7301","2.50E+1"
"","","","","332.0467","2.10E+1"
"","","","","332.084","2.20E+1"
"","","","","332.1587","8.00E+1"
"","","","","332.1926","1.43E+2"
"","","","","332.9631","2.50E+1"
"","","","","333.0169","2.70E+1"
"","","","","333.0586","5.00E+1"
"","","","","333.1227","9.25E+1"
"","","","","333.1493","2.70E+1"
"","","","","333.2128","2.20E+1"
"","","","","334.0521","2.20E+1"
"","","","","334.1202","2.50E+1"
"","","","","334.2278","2.30E+1"
"","","","","334.9786","2.60E+1"
"","","","","335.0586","9.00E+1"
"","","","","335.1175","5.30E+1"
"","","","","335.1638","5.20E+1"
"","","","","335.2086","5.10E+1"
"","","","","335.2477","2.00E+1"
"","","","","335.7834","2.00E+1"
"","","","","336.0255","2.10E+1"
"","","","","336.0658","7.70E+1"
"","","","","336.0886","3.80E+1"
"","","","","336.118","6.81E+1"
"","","","","336.1481","2.67E+1"
"","","","","336.1611","2.37E+1"
"","","","","336.1756","2.10E+1"
"","","","","336.9782","2.30E+1"
"","","","","337.0694","2.40E+2"
"","","","","337.1258","5.37E+1"
"","","","","337.1597","6.08E+1"
"","","","","337.1897","3.50E+1"
"","","","","337.2281","2.00E+1"
"","","","","337.26","2.10E+1"
"","","","","337.6397","2.80E+1"
"","","","","338.0948","6.20E+1"
"","","","","338.1246","2.80E+1"
"","","","","338.204","4.30E+1"
"","","","","338.2309","2.20E+1"
"","","","","338.5186","2.50E+1"
"","","","","339.0792","2.11E+1"
"","","","","339.0939","2.29E+1"
"","","","","339.1083","2.34E+1"
"","","","","339.1237","4.20E+1"
"","","","","339.1624","1.35E+2"
"","","","","339.2039","1.67E+3"
"","","","","339.3046","2.60E+1"
"","","","","340.0527","2.00E+1"
"","","","","340.1267","2.80E+1"
"","","","","340.1521","5.60E+1"
"","","","","340.18","7.16E+1"
"","","","","340.2065","3.48E+2"
"","","","","340.598","2.10E+1"
"","","","","340.9655","2.10E+1"
"","","","","341.0544","2.33E+2"
"","","","","341.1196","2.10E+1"
"","","","","341.1609","8.30E+1"
"","","","","341.1848","7.12E+1"
"","","","","341.2527","5.39E+2"
"","","","","342.0345","2.10E+1"
"","","","","342.1105","5.00E+1"
"","","","","342.1514","3.10E+1"
"","","","","342.2394","1.03E+2"
"","","","","342.267","6.02E+1"
"","","","","342.5043","4.40E+1"
"","","","","342.6341","3.10E+1"
"","","","","342.9677","4.40E+1"
"","","","","343.0483","2.20E+1"
"","","","","343.0663","2.19E+1"
"","","","","343.0838","7.39E+1"
"","","","","343.2047","1.42E+2"
"","","","","344.0917","2.70E+1"
"","","","","344.2459","2.10E+1"
"","","","","344.6751","4.10E+1"
"","","","","345.0272","4.80E+1"
"","","","","345.1422","5.70E+1"
"","","","","345.2309","2.10E+1"
"","","","","345.6896","3.30E+1"
"","","","","346.0735","5.20E+1"
"","","","","346.1122","2.10E+1"
"","","","","346.1389","4.60E+1"
"","","","","346.1778","9.20E+1"
"","","","","346.2294","2.20E+1"
"","","","","347.0504","1.09E+2"
"","","","","347.0895","2.10E+1"
"","","","","347.1544","1.09E+2"
"","","","","347.1754","5.26E+1"
"","","","","347.2019","4.40E+1"
"","","","","348.054","6.96E+1"
"","","","","348.1004","2.50E+1"
"","","","","348.1819","3.30E+1"
"","","","","348.212","4.40E+1"
"","","","","348.2391","2.20E+1"
"","","","","349.0612","4.00E+1"
"","","","","349.092","3.30E+1"
"","","","","349.12","5.60E+1"
"","","","","349.2","2.90E+1"
"","","","","349.5985","2.20E+1"
"","","","","349.9162","6.90E+1"
"","","","","350.045","2.30E+1"
"","","","","350.0919","5.70E+1"
"","","","","350.1839","2.30E+1"
"","","","","350.2212","5.70E+1"
"","","","","350.661","3.30E+1"
"","","","","351.021","3.70E+1"
"","","","","351.0587","3.20E+1"
"","","","","351.0935","7.00E+1"
"","","","","351.1371","2.20E+1"
"","","","","351.1669","2.40E+1"
"","","","","351.2284","1.38E+2"
"","","","","352.049","2.20E+1"
"","","","","352.0807","7.10E+1"
"","","","","352.1191","4.40E+1"
"","","","","352.1533","6.80E+1"
"","","","","352.197","2.30E+1"
"","","","","352.2454","1.59E+2"
"","","","","352.6276","2.10E+1"
"","","","","353.0278","6.39E+1"
"","","","","353.0388","8.43E+1"
"","","","","353.0639","3.00E+2"
"","","","","353.1093","9.90E+1"
"","","","","353.1454","4.60E+1"
"","","","","353.2172","2.04E+1"
"","","","","353.2253","3.28E+1"
"","","","","353.2478","7.70E+1"
"","","","","353.5425","4.40E+1"
"","","","","353.9572","3.40E+1"
"","","","","354.0386","2.10E+1"
"","","","","354.0668","5.15E+1"
"","","","","354.0941","4.27E+1"
"","","","","354.1144","2.20E+1"
"","","","","354.1595","1.09E+2"
"","","","","354.198","2.30E+1"
"","","","","354.2331","2.20E+1"
"","","","","354.7514","2.80E+1"
"","","","","355.0737","3.00E+2"
"","","","","355.1359","4.41E+1"
"","","","","355.1576","1.28E+2"
"","","","","355.1912","2.06E+1"
"","","","","356.0949","2.20E+1"
"","","","","356.1297","5.49E+1"
"","","","","356.1684","1.68E+2"
"","","","","356.207","4.80E+1"
"","","","","357.0512","2.30E+1"
"","","","","357.0987","5.00E+1"
"","","","","357.1476","1.58E+2"
"","","","","357.2048","2.58E+2"
"","","","","357.2263","1.92E+2"
"","","","","357.2414","7.33E+1"
"","","","","357.915","4.10E+1"
"","","","","357.961","2.20E+1"
"","","","","358.1411","5.90E+1"
"","","","","358.1783","2.60E+1"
"","","","","358.2234","1.47E+2"
"","","","","358.6323","2.30E+1"
"","","","","359.0903","2.70E+1"
"","","","","359.214","2.30E+1"
"","","","","359.2673","3.00E+1"
"","","","","359.5634","4.60E+1"
"","","","","360.0843","2.20E+1"
"","","","","360.1049","2.70E+1"
"","","","","360.189","2.69E+1"
"","","","","360.218","1.28E+2"
"","","","","360.2374","2.54E+2"
"","","","","360.657","2.70E+1"
"","","","","360.9458","3.30E+1"
"","","","","361.1055","4.20E+1"
"","","","","361.2083","4.60E+1"
"","","","","361.2379","5.90E+1"
"","","","","362.0114","4.80E+1"
"","","","","362.0574","3.60E+1"
"","","","","362.1361","2.10E+1"
"","","","","362.1546","2.30E+1"
"","","","","362.239","4.20E+1"
"","","","","362.5441","2.40E+1"
"","","","","363.1688","2.10E+1"
"","","","","363.2003","4.40E+1"
"","","","","363.2596","4.15E+1"
"","","","","363.9481","2.30E+1"
"","","","","364.1657","1.16E+2"
"","","","","364.258","8.00E+1"
"","","","","365.0603","2.89E+2"
"","","","","365.1461","5.00E+1"
"","","","","365.2359","2.70E+1"
"","","","","365.2716","5.96E+1"
"","","","","365.957","2.60E+1"
"","","","","366.0745","2.30E+1"
"","","","","366.141","1.00E+2"
"","","","","366.1779","5.70E+1"
"","","","","366.2199","2.40E+1"
"","","","","366.2713","3.20E+1"
"","","","","366.3287","4.00E+1"
"","","","","366.6104","2.20E+1"
"","","","","367.0783","8.40E+1"
"","","","","367.1371","2.10E+1"
"","","","","367.1626","5.40E+1"
"","","","","367.2156","1.54E+2"
"","","","","367.2418","7.27E+1"
"","","","","368.0784","2.30E+1"
"","","","","368.167","8.70E+1"
"","","","","368.2458","2.10E+1"
"","","","","369.0055","2.30E+1"
"","","","","369.1774","7.70E+1"
"","","","","369.2294","6.21E+1"
"","","","","369.2523","2.36E+2"
"","","","","369.531","2.70E+1"
"","","","","370.0284","2.20E+1"
"","","","","370.1306","7.50E+1"
"","","","","370.2124","2.90E+1"
"","","","","371.0463","3.30E+1"
"","","","","371.0833","4.35E+1"
"","","","","371.1132","7.72E+1"
"","","","","371.1956","6.10E+1"
"","","","","371.5175","2.00E+1"
"","","","","372.1117","2.28E+1"
"","","","","372.1467","5.00E+1"
"","","","","372.2344","3.40E+1"
"","","","","372.6875","3.50E+1"
"","","","","373.087","1.94E+2"
"","","","","373.2082","7.20E+1"
"","","","","373.2292","6.80E+1"
"","","","","373.6187","2.20E+1"
"","","","","373.9159","2.70E+1"
"","","","","374.0163","2.20E+1"
"","","","","374.2215","4.30E+1"
"","","","","374.2893","3.50E+1"
"","","","","375.0904","2.40E+1"
"","","","","375.1584","1.15E+2"
"","","","","375.2453","7.00E+1"
"","","","","376.0581","4.63E+1"
"","","","","376.0908","3.20E+1"
"","","","","376.1475","7.19E+1"
"","","","","376.207","2.30E+1"
"","","","","376.2476","2.50E+1"
"","","","","376.9184","2.00E+1"
"","","","","377.0403","8.80E+1"
"","","","","377.1192","3.90E+1"
"","","","","377.2817","2.10E+1"
"","","","","377.3017","2.10E+1"
"","","","","378.0799","2.40E+1"
"","","","","378.122","7.30E+1"
"","","","","378.1503","9.40E+1"
"","","","","378.1905","1.29E+2"
"","","","","378.2489","2.66E+2"
"","","","","379.0315","2.20E+1"
"","","","","379.0607","3.20E+1"
"","","","","379.1619","1.52E+2"
"","","","","379.2447","4.40E+1"
"","","","","380.0666","3.20E+1"
"","","","","380.1023","7.50E+1"
"","","","","380.1439","1.44E+2"
"","","","","380.1885","2.10E+1"
"","","","","380.2294","1.23E+2"
"","","","","380.2652","1.53E+2"
"","","","","380.5278","2.00E+1"
"","","","","381.0267","2.10E+1"
"","","","","381.0731","7.60E+1"
"","","","","381.1181","4.50E+1"
"","","","","381.1544","5.40E+1"
"","","","","381.2376","9.90E+1"
"","","","","381.2721","8.90E+1"
"","","","","382.124","2.50E+1"
"","","","","382.1566","5.06E+1"
"","","","","382.1852","4.80E+1"
"","","","","382.2384","2.50E+1"
"","","","","382.2719","4.80E+1"
"","","","","382.2977","2.30E+1"
"","","","","382.774","2.10E+1"
"","","","","382.9966","2.20E+1"
"","","","","383.0426","3.40E+1"
"","","","","383.0737","1.37E+2"
"","","","","383.1658","2.80E+1"
"","","","","383.2218","2.80E+1"
"","","","","383.2537","9.90E+1"
"","","","","384.0793","2.30E+1"
"","","","","384.1388","2.20E+1"
"","","","","384.1862","2.00E+1"
"","","","","384.2499","5.10E+1"
"","","","","384.5423","3.90E+1"
"","","","","385.096","2.02E+1"
"","","","","385.1057","3.58E+1"
"","","","","385.1231","5.77E+1"
"","","","","385.1504","6.16E+1"
"","","","","385.1805","4.20E+1"
"","","","","385.2732","2.20E+1"
"","","","","386.2389","2.00E+1"
"","","","","386.622","2.50E+1"
"","","","","387.0131","2.10E+1"
"","","","","387.0768","2.00E+1"
"","","","","387.101","4.70E+1"
"","","","","388.1732","2.10E+1"
"","","","","389.0164","2.20E+1"
"","","","","389.0579","2.40E+1"
"","","","","389.0929","2.10E+1"
"","","","","389.2353","2.30E+1"
"","","","","390.0723","3.30E+1"
"","","","","390.0902","2.10E+1"
"","","","","390.1248","2.10E+1"
"","","","","390.1909","3.20E+1"
"","","","","390.2448","6.18E+2"
"","","","","390.2766","1.03E+2"
"","","","","390.9659","2.40E+1"
"","","","","391.0505","2.00E+1"
"","","","","391.1089","1.35E+2"
"","","","","391.1737","2.30E+1"
"","","","","391.257","1.48E+2"
"","","","","392.2079","6.80E+1"
"","","","","392.2644","9.10E+1"
"","","","","393.0795","2.40E+1"
"","","","","393.12","3.80E+1"
"","","","","393.1726","2.80E+1"
"","","","","393.1884","5.76E+1"
"","","","","393.2336","2.72E+2"
"","","","","393.6313","2.40E+1"
"","","","","394.1032","2.20E+1"
"","","","","394.2242","4.02E+2"
"","","","","394.2612","2.58E+2"
"","","","","395.0563","2.20E+1"
"","","","","395.0947","7.30E+1"
"","","","","395.1265","2.90E+1"
"","","","","395.167","7.27E+1"
"","","","","395.24","1.04E+2"
"","","","","395.2578","1.11E+2"
"","","","","395.2714","4.91E+1"
"","","","","395.9658","2.00E+1"
"","","","","396.0378","4.20E+1"
"","","","","396.0968","2.50E+1"
"","","","","396.1506","2.30E+1"
"","","","","396.1869","6.90E+1"
"","","","","396.2499","7.90E+1"
"","","","","396.2685","5.65E+1"
"","","","","396.275","2.65E+1"
"","","","","397.169","2.50E+1"
"","","","","398.1096","6.50E+1"
"","","","","398.1391","4.70E+1"
"","","","","398.1972","2.40E+1"
"","","","","398.2701","9.27E+2"
"","","","","398.3166","3.40E+1"
"","","","","399.0488","3.10E+1"
"","","","","399.0835","5.70E+1"
"","","","","399.1344","7.30E+1"
"","","","","399.1848","1.07E+2"
"","","","","399.2323","7.82E+1"
"","","","","399.2525","8.48E+1"
"","","","","399.2694","1.05E+2"
"","","","","400.182","1.97E+1"
"","","","","400.191","3.14E+1"
"","","","","400.2081","3.50E+1"
"","","","","400.2691","9.10E+1"
"","","","","400.3104","8.20E+1"
"","","","","400.5144","2.30E+1"
"","","","","401.0534","5.20E+1"
"","","","","401.0821","4.70E+1"
"","","","","401.1865","7.50E+1"
"","","","","401.2178","3.50E+1"
"","","","","401.2538","2.10E+1"
"","","","","401.2749","5.10E+1"
"","","","","401.9745","2.30E+1"
"","","","","402.0204","4.00E+1"
"","","","","402.0912","2.30E+1"
"","","","","402.135","3.70E+1"
"","","","","402.1815","5.60E+1"
"","","","","402.234","2.10E+1"
"","","","","403.0837","7.00E+1"
"","","","","403.122","2.40E+1"
"","","","","404.0692","2.30E+1"
"","","","","404.1884","6.20E+1"
"","","","","405.1062","2.40E+1"
"","","","","405.1489","2.10E+1"
"","","","","405.2243","5.40E+1"
"","","","","405.4065","4.50E+1"
"","","","","406.1103","4.50E+1"
"","","","","406.1604","2.50E+1"
"","","","","406.234","2.40E+1"
"","","","","406.8709","2.30E+1"
"","","","","407.0245","2.30E+1"
"","","","","407.1144","4.35E+1"
"","","","","407.1313","2.70E+1"
"","","","","407.1507","2.30E+1"
"","","","","408.0077","2.00E+1"
"","","","","408.0524","2.10E+1"
"","","","","408.1118","2.30E+1"
"","","","","408.1374","7.62E+1"
"","","","","408.1803","2.70E+1"
"","","","","408.2569","4.86E+3"
"","","","","408.3123","1.23E+2"
"","","","","408.3588","5.00E+1"
"","","","","408.4007","7.40E+1"
"","","","","408.475","2.10E+1"
"","","","","408.5904","3.20E+1"
"","","","","408.6566","3.90E+1"
"","","","","408.8279","2.70E+1"
"","","","","409.0096","2.10E+1"
"","","","","409.0663","2.00E+1"
"","","","","409.0954","2.10E+1"
"","","","","409.124","2.20E+1"
"","","","","409.1649","6.60E+1"
"","","","","409.1829","3.99E+1"
"","","","","409.2003","2.30E+1"
"","","","","409.2522","1.08E+3"
"","","","","409.2753","2.97E+2"
"","","","","409.3295","7.60E+1"
"","","","","410.051","9.48E+1"
"","","","","410.1053","6.60E+1"
"","","","","410.1399","2.80E+1"
"","","","","410.1628","2.20E+1"
"","","","","410.1972","2.00E+1"
"","","","","410.2662","5.05E+2"
"","","","","410.3057","4.74E+1"
"","","","","410.4716","3.10E+1"
"","","","","410.6083","2.10E+1"
"","","","","411.0358","1.15E+2"
"","","","","411.1356","1.22E+2"
"","","","","411.2311","2.66E+1"
"","","","","411.2433","3.51E+1"
"","","","","411.2652","7.03E+1"
"","","","","412.0583","2.30E+1"
"","","","","412.1181","4.20E+1"
"","","","","412.1603","5.42E+1"
"","","","","412.2551","1.25E+3"
"","","","","413.0478","2.80E+1"
"","","","","413.0969","2.20E+1"
"","","","","413.1532","5.00E+1"
"","","","","413.2475","3.02E+2"
"","","","","413.6762","2.10E+1"
"","","","","414.1743","8.00E+1"
"","","","","414.2136","2.10E+1"
"","","","","415.0203","2.20E+1"
"","","","","415.0811","5.20E+1"
"","","","","415.1766","2.30E+1"
"","","","","415.2037","2.60E+1"
"","","","","415.2986","2.30E+1"
"","","","","415.8172","2.70E+1"
"","","","","416.0874","2.10E+1"
"","","","","416.1603","8.50E+1"
"","","","","416.2043","6.36E+1"
"","","","","416.4165","2.20E+1"
"","","","","417.1714","2.70E+1"
"","","","","417.2866","3.00E+1"
"","","","","417.8981","2.00E+1"
"","","","","418.0344","2.20E+1"
"","","","","418.0675","4.90E+1"
"","","","","418.1412","3.70E+1"
"","","","","418.1785","5.00E+1"
"","","","","419.0732","2.10E+1"
"","","","","420.1698","6.80E+1"
"","","","","420.252","1.93E+2"
"","","","","420.377","8.50E+1"
"","","","","420.4587","2.10E+1"
"","","","","421.0419","2.20E+1"
"","","","","421.0867","1.49E+2"
"","","","","421.1217","1.17E+2"
"","","","","421.1651","4.20E+1"
"","","","","421.2118","4.20E+1"
"","","","","421.2441","1.42E+2"
"","","","","421.8283","2.10E+1"
"","","","","422.0796","2.50E+1"
"","","","","422.1136","4.30E+1"
"","","","","422.1958","5.00E+1"
"","","","","422.2363","4.70E+1"
"","","","","422.3923","2.70E+1"
"","","","","423.0661","2.00E+1"
"","","","","423.4519","2.10E+1"
"","","","","424.0319","2.20E+1"
"","","","","424.0866","1.11E+2"
"","","","","424.1339","1.92E+2"
"","","","","424.1665","4.87E+1"
"","","","","424.5798","2.40E+1"
"","","","","424.7275","2.50E+1"
"","","","","425.0089","2.00E+1"
"","","","","425.0989","2.70E+1"
"","","","","425.133","8.45E+1"
"","","","","425.1535","2.14E+1"
"","","","","425.1941","4.90E+1"
"","","","","425.2603","1.72E+2"
"","","","","426.1239","5.20E+1"
"","","","","426.1893","4.80E+1"
"","","","","426.2685","4.11E+3"
"","","","","426.3939","3.60E+1"
"","","","","426.4254","2.60E+1"
"","","","","426.5324","2.10E+1"
"","","","","427.1418","3.00E+1"
"","","","","427.2758","8.93E+2"
"","","","","427.8573","2.20E+1"
"","","","","427.9893","3.00E+1"
"","","","","428.0757","3.20E+1"
"","","","","428.1212","2.50E+1"
"","","","","428.1945","7.10E+1"
"","","","","428.2521","5.27E+1"
"","","","","428.2944","5.60E+2"
"","","","","429.0779","4.60E+1"
"","","","","429.1633","3.10E+1"
"","","","","429.1968","4.50E+1"
"","","","","429.2338","5.90E+1"
"","","","","429.272","2.60E+1"
"","","","","429.3876","3.10E+1"
"","","","","429.9695","3.60E+1"
"","","","","430.1531","2.40E+1"
"","","","","430.2299","1.09E+2"
"","","","","430.2595","2.16E+1"
"","","","","431.0171","5.30E+1"
"","","","","431.1833","5.10E+1"
"","","","","431.2173","8.50E+1"
"","","","","432.2188","2.60E+1"
"","","","","433.001","3.50E+1"
"","","","","433.1573","2.80E+1"
"","","","","433.1873","2.40E+1"
"","","","","433.2098","2.10E+1"
"","","","","433.2884","2.10E+1"
"","","","","434.0722","2.30E+1"
"","","","","434.1003","8.40E+1"
"","","","","434.1853","4.70E+1"
"","","","","434.2207","2.50E+1"
"","","","","434.9282","2.30E+1"
"","","","","435.032","2.10E+1"
"","","","","435.0942","5.00E+1"
"","","","","435.1386","2.70E+1"
"","","","","435.1977","2.10E+1"
"","","","","435.2194","2.30E+1"
"","","","","435.2797","2.10E+1"
"","","","","436.106","2.60E+1"
"","","","","436.1484","2.00E+1"
"","","","","436.2093","5.60E+1"
"","","","","437.0587","5.10E+1"
"","","","","437.1332","2.20E+1"
"","","","","437.823","2.30E+1"
"","","","","437.997","3.60E+1"
"","","","","438.0619","2.30E+1"
"","","","","438.2025","8.00E+1"
"","","","","438.2686","3.09E+2"
"","","","","438.291","7.02E+1"
"","","","","438.3267","2.40E+1"
"","","","","439.117","2.70E+1"
"","","","","439.1899","2.00E+1"
"","","","","439.2133","2.30E+1"
"","","","","439.2983","1.01E+2"
"","","","","440.2378","1.03E+2"
"","","","","440.2757","2.10E+1"
"","","","","440.3195","2.70E+1"
"","","","","441.0816","4.40E+1"
"","","","","441.2417","4.10E+1"
"","","","","442.1445","1.54E+2"
"","","","","442.1837","4.90E+1"
"","","","","442.9886","2.20E+1"
"","","","","443.1008","2.70E+1"
"","","","","443.2347","9.40E+1"
"","","","","443.2924","2.10E+1"
"","","","","444.1338","2.70E+1"
"","","","","444.2183","7.80E+1"
"","","","","444.2667","2.40E+1"
"","","","","444.3175","5.20E+1"
"","","","","445.1402","3.10E+1"
"","","","","445.1838","2.23E+1"
"","","","","445.2128","2.37E+1"
"","","","","445.9922","2.40E+1"
"","","","","446.0323","2.60E+1"
"","","","","446.2103","2.30E+1"
"","","","","447.0941","1.32E+2"
"","","","","447.1667","2.30E+1"
"","","","","447.2301","2.10E+1"
"","","","","447.5164","2.40E+1"
"","","","","448.0568","2.10E+1"
"","","","","448.1495","2.50E+1"
"","","","","448.2534","2.50E+1"
"","","","","448.2884","2.00E+1"
"","","","","448.5708","3.10E+1"
"","","","","449.0745","7.50E+1"
"","","","","449.1064","1.97E+1"
"","","","","449.1248","2.00E+1"
"","","","","449.2624","2.00E+1"
"","","","","449.3173","2.60E+1"
"","","","","449.5204","2.70E+1"
"","","","","450.0629","2.20E+1"
"","","","","450.1091","6.60E+1"
"","","","","450.2548","1.38E+2"
"","","","","450.9828","2.90E+1"
"","","","","451.112","4.85E+1"
"","","","","451.1292","2.50E+1"
"","","","","451.149","2.20E+1"
"","","","","451.3574","2.70E+1"
"","","","","451.984","2.30E+1"
"","","","","452.1447","6.00E+1"
"","","","","452.2793","7.00E+1"
"","","","","452.3352","7.10E+1"
"","","","","452.6508","2.20E+1"
"","","","","453.0201","2.40E+1"
"","","","","453.1995","2.40E+1"
"","","","","453.2219","4.40E+1"
"","","","","453.9925","2.40E+1"
"","","","","454.0206","2.10E+1"
"","","","","454.1332","2.90E+1"
"","","","","454.1617","7.20E+1"
"","","","","454.2604","2.70E+1"
"","","","","454.2827","4.30E+1"
"","","","","454.7684","2.70E+1"
"","","","","455.1017","2.20E+1"
"","","","","455.1771","2.10E+1"
"","","","","455.5739","2.10E+1"
"","","","","456.0815","4.40E+1"
"","","","","456.1898","2.50E+1"
"","","","","456.2275","9.00E+1"
"","","","","456.279","1.78E+2"
"","","","","456.3152","2.55E+1"
"","","","","457.0106","2.70E+1"
"","","","","457.0627","2.50E+1"
"","","","","457.1999","2.50E+1"
"","","","","457.2838","2.50E+1"
"","","","","458.1645","2.40E+1"
"","","","","459.2935","2.40E+1"
"","","","","460.0376","2.80E+1"
"","","","","460.1767","2.50E+1"
"","","","","460.2804","7.70E+1"
"","","","","460.996","6.20E+1"
"","","","","461.3123","9.17E+1"
"","","","","462.0949","3.00E+1"
"","","","","462.166","4.20E+1"
"","","","","462.2132","2.40E+1"
"","","","","462.231","4.10E+1"
"","","","","462.2466","2.30E+1"
"","","","","462.2927","4.90E+1"
"","","","","462.312","2.80E+1"
"","","","","462.3539","2.50E+1"
"","","","","463.1012","2.40E+1"
"","","","","463.1748","6.70E+1"
"","","","","463.2168","4.10E+1"
"","","","","463.3362","2.50E+1"
"","","","","463.9112","3.20E+1"
"","","","","464.1628","2.90E+1"
"","","","","465.0761","2.30E+1"
"","","","","465.1218","6.40E+1"
"","","","","465.2242","4.80E+1"
"","","","","465.2677","2.00E+1"
"","","","","465.3313","2.70E+1"
"","","","","466.1347","2.50E+1"
"","","","","466.193","2.90E+1"
"","","","","466.2987","7.20E+1"
"","","","","466.9268","2.20E+1"
"","","","","467.2813","2.90E+1"
"","","","","468.1293","3.50E+1"
"","","","","468.2416","3.20E+1"
"","","","","468.2838","2.40E+1"
"","","","","468.5115","3.00E+1"
"","","","","468.6747","3.30E+1"
"","","","","469.0012","2.10E+1"
"","","","","469.0949","2.30E+1"
"","","","","469.2452","2.80E+1"
"","","","","470.2458","3.20E+1"
"","","","","471.1007","2.30E+1"
"","","","","472.0894","2.20E+1"
"","","","","472.1124","2.90E+1"
"","","","","472.1723","5.20E+1"
"","","","","472.2911","2.00E+1"
"","","","","472.3276","2.10E+1"
"","","","","473.0517","2.60E+1"
"","","","","473.1388","8.37E+1"
"","","","","473.186","2.50E+1"
"","","","","474.2349","4.30E+1"
"","","","","474.2866","3.46E+2"
"","","","","475.0884","6.20E+1"
"","","","","475.1241","2.40E+1"
"","","","","475.3183","2.10E+1"
"","","","","476.0765","2.10E+1"
"","","","","476.1326","2.60E+1"
"","","","","476.2983","1.15E+2"
"","","","","477.2317","2.80E+1"
"","","","","478.3586","2.80E+1"
"","","","","478.5198","2.40E+1"
"","","","","478.9961","2.10E+1"
"","","","","479.2099","3.50E+1"
"","","","","479.3306","8.20E+1"
"","","","","480.222","2.50E+1"
"","","","","480.3165","3.11E+2"
"","","","","480.3561","9.45E+1"
"","","","","480.5599","3.70E+1"
"","","","","481.1899","5.40E+1"
"","","","","482.2618","2.10E+1"
"","","","","482.3423","2.30E+1"
"","","","","483.0756","2.50E+1"
"","","","","483.2309","2.30E+1"
"","","","","483.3278","2.50E+1"
"","","","","483.8878","2.40E+1"
"","","","","484.2074","5.90E+1"
"","","","","484.2516","5.20E+1"
"","","","","484.3072","2.60E+1"
"","","","","485.0377","3.20E+1"
"","","","","485.3057","2.30E+1"
"","","","","485.3427","2.10E+1"
"","","","","486.1667","6.10E+1"
"","","","","487.1111","2.20E+1"
"","","","","488.1167","2.10E+1"
"","","","","488.4769","2.20E+1"
"","","","","489.1072","6.83E+1"
"","","","","489.188","2.90E+1"
"","","","","489.2567","7.90E+1"
"","","","","489.2958","6.80E+1"
"","","","","490.0249","3.50E+1"
"","","","","490.0904","3.60E+1"
"","","","","490.1719","2.90E+1"
"","","","","490.2845","2.50E+1"
"","","","","490.3018","2.54E+1"
"","","","","490.3168","3.10E+1"
"","","","","490.343","2.20E+1"
"","","","","490.7014","2.50E+1"
"","","","","491.11","2.33E+1"
"","","","","491.1464","8.10E+1"
"","","","","491.2212","2.20E+1"
"","","","","492.2818","2.00E+1"
"","","","","493.2787","2.10E+1"
"","","","","493.9649","3.40E+1"
"","","","","494.1471","2.40E+1"
"","","","","494.2122","6.80E+1"
"","","","","494.3241","2.40E+1"
"","","","","494.5462","2.10E+1"
"","","","","495.2061","7.80E+1"
"","","","","495.319","5.00E+1"
"","","","","496.1884","3.10E+1"
"","","","","496.2211","2.90E+1"
"","","","","496.2848","2.10E+1"
"","","","","496.3377","4.40E+1"
"","","","","497.2406","6.30E+1"
"","","","","497.3315","5.66E+2"
"","","","","497.3722","1.99E+2"
"","","","","497.8547","3.00E+1"
"","","","","498.2572","2.10E+1"
"","","","","498.3468","1.73E+2"
"","","","","498.3794","6.18E+1"
"","","","","498.3959","2.60E+1"
"","","","","499.1179","2.50E+1"
"","","","","499.277","2.00E+1"
"","","","","499.332","2.10E+1"
"","","","","500.1901","5.40E+1"
"","","","","500.2599","2.10E+1"
"","","","","500.3374","2.20E+1"
"","","","","501.0375","2.70E+1"
"","","","","501.2254","2.10E+1"
"","","","","502.241","2.90E+1"
"","","","","502.5488","3.20E+1"
"","","","","503.2398","2.10E+1"
"","","","","505.1327","2.00E+1"
"","","","","505.2954","2.60E+1"
"","","","","506.1249","9.30E+1"
"","","","","506.1966","7.10E+1"
"","","","","506.2552","2.20E+1"
"","","","","506.9031","2.30E+1"
"","","","","507.1137","2.30E+1"
"","","","","507.2032","5.10E+1"
"","","","","507.3273","1.65E+3"
"","","","","507.3907","9.10E+1"
"","","","","508.2178","4.50E+1"
"","","","","508.2658","2.40E+1"
"","","","","508.3387","4.95E+2"
"","","","","509.2117","2.70E+1"
"","","","","509.2538","4.40E+1"
"","","","","509.3597","3.30E+1"
"","","","","510.1861","2.20E+1"
"","","","","510.2635","6.60E+1"
"","","","","510.3125","2.60E+1"
"","","","","511.1923","4.80E+1"
"","","","","511.2185","5.60E+1"
"","","","","511.265","2.90E+1"
"","","","","511.3284","2.80E+1"
"","","","","513.3326","2.20E+1"
"","","","","514.1865","3.10E+1"
"","","","","514.3147","2.20E+1"
"","","","","514.6746","2.40E+1"
"","","","","515.0441","2.20E+1"
"","","","","515.0683","2.50E+1"
"","","","","515.2004","2.40E+1"
"","","","","516.0071","3.30E+1"
"","","","","516.2615","8.80E+1"
"","","","","517.0853","2.20E+1"
"","","","","517.0999","2.69E+1"
"","","","","517.1193","2.71E+1"
"","","","","517.1756","3.70E+1"
"","","","","518.1075","3.80E+1"
"","","","","518.2189","4.40E+1"
"","","","","518.2537","2.20E+1"
"","","","","519.2722","2.10E+1"
"","","","","520.2352","5.40E+1"
"","","","","520.2866","2.20E+1"
"","","","","521.0515","2.40E+1"
"","","","","521.2158","2.00E+1"
"","","","","521.256","3.40E+1"
"","","","","521.2922","2.00E+1"
"","","","","522.2411","6.80E+1"
"","","","","522.7116","2.20E+1"
"","","","","523.2696","2.20E+1"
"","","","","524.1954","2.10E+1"
"","","","","524.3489","2.50E+1"
"","","","","525.1194","2.50E+1"
"","","","","525.2495","2.00E+1"
"","","","","525.3091","2.11E+2"
"","","","","525.3383","6.76E+2"
"","","","","525.402","5.80E+1"
"","","","","526.3366","2.40E+2"
"","","","","527.0034","2.20E+1"
"","","","","527.1038","2.20E+1"
"","","","","527.2031","2.10E+1"
"","","","","527.3333","1.04E+2"
"","","","","527.3701","2.02E+1"
"","","","","528.2803","2.10E+1"
"","","","","528.3102","2.10E+1"
"","","","","529.3198","6.30E+1"
"","","","","530.2493","4.90E+1"
"","","","","530.2915","6.40E+1"
"","","","","531.2305","2.90E+1"
"","","","","531.3029","2.10E+1"
"","","","","531.3336","2.20E+1"
"","","","","532.1829","2.90E+1"
"","","","","532.2416","2.10E+1"
"","","","","533.3374","2.90E+1"
"","","","","535.1389","2.40E+1"
"","","","","535.2784","2.30E+1"
"","","","","535.4088","1.12E+2"
"","","","","536.129","2.10E+1"
"","","","","536.1536","2.90E+1"
"","","","","539.2343","2.20E+1"
"","","","","540.0889","2.20E+1"
"","","","","540.2194","2.10E+1"
"","","","","541.2957","2.20E+1"
"","","","","542.0268","2.10E+1"
"","","","","543.3014","2.40E+1"
"","","","","544.1484","2.40E+1"
"","","","","544.2632","2.70E+1"
"","","","","544.3188","2.20E+1"
"","","","","545.2302","2.20E+1"
"","","","","545.3102","2.30E+1"
"","","","","545.6554","2.70E+1"
"","","","","546.2546","2.20E+1"
"","","","","548.0901","3.00E+1"
"","","","","548.2576","4.80E+1"
"","","","","549.0233","2.60E+1"
"","","","","549.2614","2.70E+1"
"","","","","552.1968","2.10E+1"
"","","","","552.3953","2.10E+1"
"","","","","553.294","4.90E+1"
"","","","","553.9494","5.10E+1"
"","","","","554.4901","2.50E+1"
"","","","","555.0815","2.40E+1"
"","","","","555.4899","2.30E+1"
"","","","","556.1671","3.80E+1"
"","","","","557.1651","2.90E+1"
"","","","","558.3173","2.30E+1"
"","","","","558.6346","5.10E+1"
"","","","","559.0764","2.40E+1"
"","","","","559.3745","2.60E+1"
"","","","","559.8555","2.50E+1"
"","","","","560.2219","4.40E+1"
"","","","","561.2947","2.20E+1"
"","","","","561.3574","4.40E+1"
"","","","","561.3971","2.20E+1"
"","","","","563.3713","2.10E+1"
"","","","","564.1865","2.46E+1"
"","","","","564.2099","6.99E+1"
"","","","","564.2795","2.70E+1"
"","","","","565.0029","5.30E+1"
"","","","","565.0762","2.10E+1"
"","","","","565.3152","7.40E+1"
"","","","","567.2541","2.50E+1"
"","","","","567.3426","6.00E+1"
"","","","","568.2911","2.10E+1"
"","","","","568.97","2.00E+1"
"","","","","569.0593","3.10E+1"
"","","","","570.23","2.10E+1"
"","","","","570.8787","2.30E+1"
"","","","","572.1682","2.40E+1"
"","","","","572.2988","5.30E+1"
"","","","","573.0237","2.50E+1"
"","","","","573.9896","2.70E+1"
"","","","","574.0333","2.10E+1"
"","","","","575.2003","2.80E+1"
"","","","","575.3173","3.10E+1"
"","","","","576.0412","2.60E+1"
"","","","","576.2389","3.80E+1"
"","","","","576.2829","2.20E+1"
"","","","","578.3568","2.00E+1"
"","","","","580.3688","2.30E+1"
"","","","","581.3397","2.20E+1"
"","","","","582.0162","2.30E+1"
"","","","","582.3525","2.20E+1"
"","","","","585.1284","2.30E+1"
"","","","","585.3446","4.60E+1"
"","","","","586.1013","2.20E+1"
"","","","","586.2633","4.10E+1"
"","","","","587.2523","2.30E+1"
"","","","","588.3645","2.40E+1"
"","","","","589.2099","2.40E+1"
"","","","","592.2346","6.40E+1"
"","","","","593.1162","2.00E+1"
"","","","","594.2466","2.30E+1"
"","","","","594.3641","2.20E+1"
"","","","","595.6439","2.70E+1"
"","","","","596.3082","2.30E+1"
"","","","","596.4097","2.20E+1"
"","","","","597.3039","7.90E+1"
"","","","","597.3939","3.70E+1"
"","","","","598.0457","2.30E+1"
"","","","","603.0004","3.80E+1"
"","","","","603.2478","2.40E+1"
"","","","","604.0832","4.70E+1"
"","","","","605.1506","3.20E+1"
"","","","","606.4136","4.60E+1"
"","","","","609.25","6.20E+1"
"","","","","609.5775","2.10E+1"
"","","","","611.9742","2.30E+1"
"","","","","612.2968","4.80E+1"
"","","","","613.2949","2.10E+1"
"","","","","613.902","2.50E+1"
"","","","","615.1229","4.30E+1"
"","","","","617.2537","2.60E+1"
"","","","","618.2961","2.00E+1"
"","","","","621.1474","2.40E+1"
"","","","","623.3289","2.40E+1"
"","","","","624.0383","2.30E+1"
"","","","","625.2407","3.80E+1"
"","","","","628.2379","5.10E+1"
"","","","","628.462","4.90E+1"
"","","","","630.0853","2.30E+1"
"","","","","631.8285","2.60E+1"
"","","","","634.1411","2.60E+1"
"","","","","634.9597","2.70E+1"
"","","","","635.2128","2.10E+1"
"","","","","636.1708","2.20E+1"
"","","","","636.96","2.50E+1"
"","","","","638.2176","2.10E+1"
"","","","","642.2632","2.00E+1"
"","","","","642.6421","2.40E+1"
"","","","","643.3424","2.20E+1"
"","","","","648.0936","2.30E+1"
"","","","","649.2295","3.90E+1"
"","","","","649.3039","2.40E+1"
"","","","","650.0645","4.10E+1"
"","","","","652.1842","3.20E+1"
"","","","","655.3264","4.40E+1"
"","","","","656.2189","2.70E+1"
"","","","","657.4094","2.30E+1"
"","","","","658.3463","8.40E+1"
"","","","","658.4089","2.90E+1"
"","","","","659.0307","3.90E+1"
"","","","","659.1533","2.20E+1"
"","","","","665.0674","2.20E+1"
"","","","","665.8749","3.50E+1"
"","","","","668.4172","2.30E+1"
"","","","","674.3796","2.90E+1"
"","","","","677.1428","2.20E+1"
"","","","","677.3745","5.60E+1"
"","","","","678.1353","2.40E+1"
"","","","","681.2711","3.60E+1"
"","","","","690.1691","3.20E+1"
"","","","","690.3902","2.20E+1"
"","","","","691.3863","2.20E+1"
"","","","","694.3563","6.00E+1"
"","","","","695.4075","2.60E+1"
"","","","","696.1793","2.10E+1"
"","","","","699.8138","2.50E+1"
"","","","","712.3514","2.50E+1"
"","","","","722.2993","2.70E+1"
"","","","","728.4105","2.60E+1"
"","","","","729.4282","2.30E+1"
"","","","","730.8665","2.20E+1"
"","","","","731.8534","2.30E+1"
"","","","","738.4063","2.00E+1"
"","","","","742.3998","2.90E+1"
"","","","","742.4459","3.00E+1"
"","","","","744.6658","2.20E+1"
"","","","","753.7991","2.60E+1"
"","","","","754.257","2.30E+1"
"","","","","756.2835","2.30E+1"
"","","","","756.5038","2.50E+1"
"","","","","758.3394","2.10E+1"
"","","","","765.0694","2.90E+1"
"","","","","766.7813","2.50E+1"
"","","","","772.3798","2.30E+1"
"","","","","780.1404","2.90E+1"
"","","","","780.333","6.00E+1"
